ASSET TYPE,DIVISION,AREA,CATEGORY,ROW Name,ROW Code,START TRAP,END TRAP,Milepost,Inspection Date,Test Point Protection Criteria,Structure Meets 100mV,Structure Meets -850mV IRF ,Structure Meets Any Criteria,Structure Readings Meet Criteria,Structure P/S,Structure IRF,Bridge ID,Facility Inspection Id,Latitude,Longitude,Test Point Anchor Type,Test Point Classification,Test Point Monitoring Type,Test Point required to monitor AC Voltage,Test Point required to monitor AC Voltage (note),Is High Consequence Area,Facility and ROW Currently Active,Facility Active
PIPELINE,PIPELINES,ACTIVE PIPELINES,L0004,STROME - HARDISTY,L0004 03 ST-YP,STROME,HARDISTY,70.9,9/30/20 1:21,.85 IRF,FALSE,TRUE,TRUE,TRUE,-1.297,-1.014,e175b8d2-90f6-4cd6-b2d8-97e98c13051b,f51d4f11-5983-498f-828b-d5cf5199f01e,52.92503738,-112.0599747,Adjecent Rectifier,Anchor,,,,TRUE,TRUE,TRUE
PIPELINE,PIPELINES,ACTIVE PIPELINES,L0004,STROME - HARDISTY,L0004 03 ST-YP,STROME,HARDISTY,70.9,8/27/21 10:22,.85 IRF,FALSE,FALSE,FALSE,,,,e175b8d2-90f6-4cd6-b2d8-97e98c13051b,796acd4c-c6cb-4c0a-95f6-a9f1dc8377e1,52.92503738,-112.0599747,Adjecent Rectifier,Anchor,,,,TRUE,TRUE,TRUE
PIPELINE,PIPELINES,ACTIVE PIPELINES,L0004,STROME - HARDISTY,L0004 03 ST-YP,STROME,HARDISTY,70.9,7/5/19 13:17,.85 IRF,FALSE,TRUE,TRUE,TRUE,-1.324,-1.053,e175b8d2-90f6-4cd6-b2d8-97e98c13051b,4ca8c7a5-a163-4977-ad4c-ace6e5650aac,52.92503738,-112.0599747,Adjecent Rectifier,Anchor,,,,TRUE,TRUE,TRUE
PIPELINE,PIPELINES,ACTIVE PIPELINES,L0004,STROME - HARDISTY,L0004 03 ST-YP,STROME,HARDISTY,70.9,8/29/21 12:28,.85 IRF,FALSE,TRUE,TRUE,TRUE,-1.237,-0.98,e175b8d2-90f6-4cd6-b2d8-97e98c13051b,a42296f1-74fd-4027-a5c2-1bcef0dc2fca,52.92503738,-112.0599747,Adjecent Rectifier,Anchor,,,,TRUE,TRUE,TRUE
PIPELINE,PIPELINES,ACTIVE PIPELINES,L0004,STROME - HARDISTY,L0004 03 ST-YP,STROME,HARDISTY,70.9,5/26/22 11:36,.85 IRF,FALSE,TRUE,TRUE,TRUE,-1.157,-0.878,e175b8d2-90f6-4cd6-b2d8-97e98c13051b,09e2f9fd-784d-4cb1-ab19-ebb69aab3946,52.92503738,-112.0599747,Adjecent Rectifier,Anchor,,,,TRUE,TRUE,TRUE
PIPELINE,PIPELINES,ACTIVE PIPELINES,L0004,STROME - HARDISTY,L0004 03 ST-YP,STROME,HARDISTY,72.044,9/30/20 1:48,.85 IRF,FALSE,FALSE,FALSE,FALSE,0.013,0.013,1ebdffce-01f1-401b-8009-b28930d26d9d,9c4e96dc-82ba-483b-8abe-4117808b58d9,52.91689682,-112.0354843,,Continue to Monitor,CP Sub-criterion,,,TRUE,TRUE,TRUE
PIPELINE,PIPELINES,ACTIVE PIPELINES,L0004,STROME - HARDISTY,L0004 03 ST-YP,STROME,HARDISTY,72.044,5/26/22 12:13,.85 IRF,FALSE,FALSE,FALSE,FALSE,-0.047,-0.048,1ebdffce-01f1-401b-8009-b28930d26d9d,789e0c58-eb01-41a7-85dc-0bd1ceeeb0ff,52.91689682,-112.0354843,,Continue to Monitor,CP Sub-criterion,,,TRUE,TRUE,TRUE
PIPELINE,PIPELINES,ACTIVE PIPELINES,L0004,STROME - HARDISTY,L0004 03 ST-YP,STROME,HARDISTY,72.044,8/27/21 10:29,.85 IRF,FALSE,FALSE,FALSE,,,,1ebdffce-01f1-401b-8009-b28930d26d9d,7eecb8ea-5a21-4ca0-8c1d-ff16d8440ed5,52.91689682,-112.0354843,,Continue to Monitor,CP Sub-criterion,,,TRUE,TRUE,TRUE
PIPELINE,PIPELINES,ACTIVE PIPELINES,L0004,STROME - HARDISTY,L0004 03 ST-YP,STROME,HARDISTY,72.044,7/5/19 13:36,.85 IRF,FALSE,FALSE,FALSE,FALSE,-0.021,-0.02,1ebdffce-01f1-401b-8009-b28930d26d9d,e978271a-a0e9-4b0f-ab83-31caa45b96dc,52.91689682,-112.0354843,,Continue to Monitor,CP Sub-criterion,,,TRUE,TRUE,TRUE
PIPELINE,PIPELINES,ACTIVE PIPELINES,L0004,STROME - HARDISTY,L0004 03 ST-YP,STROME,HARDISTY,72.044,8/29/21 12:48,.85 IRF,FALSE,FALSE,FALSE,FALSE,-0.027,-0.029,1ebdffce-01f1-401b-8009-b28930d26d9d,6313b147-ebc1-40f2-a6e8-99c084f89304,52.91689682,-112.0354843,,Continue to Monitor,CP Sub-criterion,,,TRUE,TRUE,TRUE
PIPELINE,PIPELINES,ACTIVE PIPELINES,L0004,STROME - HARDISTY,L0004 03 ST-YP,STROME,HARDISTY,72.044,5/26/22 12:18,.85 IRF,FALSE,TRUE,TRUE,TRUE,-1.194,-0.954,884056de-fb9f-4699-8b30-979d51884431,2754517d-a227-4e24-817a-3642ef6d4b13,52.91680908,-112.0354919,Adjecent Rectifier,Anchor,,,,,TRUE,TRUE
PIPELINE,PIPELINES,ACTIVE PIPELINES,L0004,STROME - HARDISTY,L0004 03 ST-YP,STROME,HARDISTY,72.044,8/29/21 12:56,.85 IRF,FALSE,FALSE,FALSE,,,,884056de-fb9f-4699-8b30-979d51884431,d43cca8b-2e64-4ce5-b07b-41023b80e267,52.91680908,-112.0354919,Adjecent Rectifier,Anchor,,,,,TRUE,TRUE
PIPELINE,PIPELINES,ACTIVE PIPELINES,L0004,STROME - HARDISTY,L0004 03 ST-YP,STROME,HARDISTY,72.044,9/30/20 1:56,.85 IRF,FALSE,FALSE,FALSE,,,,884056de-fb9f-4699-8b30-979d51884431,63421d12-9d08-4718-bb00-44704469467e,52.91680908,-112.0354919,Adjecent Rectifier,Anchor,,,,,TRUE,TRUE
PIPELINE,PIPELINES,ACTIVE PIPELINES,L0004,STROME - HARDISTY,L0004 03 ST-YP,STROME,HARDISTY,72.044,7/20/19 0:29,.85 IRF,FALSE,TRUE,TRUE,TRUE,-1.206,-1.148,884056de-fb9f-4699-8b30-979d51884431,b5ff805b-3806-4ca5-a7bf-08b2b6d52291,52.91680908,-112.0354919,Adjecent Rectifier,Anchor,,,,,TRUE,TRUE
PIPELINE,PIPELINES,ACTIVE PIPELINES,L0004,STROME - HARDISTY,L0004 03 ST-YP,STROME,HARDISTY,73.2,7/26/19 17:23,.85 IRF,FALSE,TRUE,TRUE,TRUE,-1.37,-1.042,73ff4be7-2139-4729-bff9-3510786f8468,a6532742-e875-4ff3-b9b7-18e0365227ec,52.90844727,-112.0116806,,Supplementary,,,,FALSE,TRUE,TRUE
PIPELINE,PIPELINES,ACTIVE PIPELINES,L0004,STROME - HARDISTY,L0004 03 ST-YP,STROME,HARDISTY,73.2,8/30/21 11:04,.85 IRF,FALSE,TRUE,TRUE,TRUE,-1.282,-0.972,73ff4be7-2139-4729-bff9-3510786f8468,7b7ef336-15db-4b10-ab4f-3f13a4bf7249,52.90844727,-112.0116806,,Supplementary,,,,FALSE,TRUE,TRUE
PIPELINE,PIPELINES,ACTIVE PIPELINES,L0004,STROME - HARDISTY,L0004 03 ST-YP,STROME,HARDISTY,73.2,5/26/22 12:58,.85 IRF,FALSE,TRUE,TRUE,TRUE,-1.375,-1.065,73ff4be7-2139-4729-bff9-3510786f8468,48857347-530e-4dba-92a4-96b402fc06aa,52.90844727,-112.0116806,,Supplementary,,,,FALSE,TRUE,TRUE
PIPELINE,PIPELINES,ACTIVE PIPELINES,L0004,STROME - HARDISTY,L0004 03 ST-YP,STROME,HARDISTY,74.35,5/26/22 13:09,.85 IRF,FALSE,TRUE,TRUE,TRUE,-1.06,-1.048,34b6e603-c53b-4ea4-a4f7-d8ebc2a9347c,06d3214b-6a57-4efe-b441-873bac60f4e1,52.89973068,-111.9872284,,Supplementary,,,,FALSE,TRUE,TRUE
PIPELINE,PIPELINES,ACTIVE PIPELINES,L0004,STROME - HARDISTY,L0004 03 ST-YP,STROME,HARDISTY,74.35,7/7/19 9:06,.85 IRF,FALSE,TRUE,TRUE,TRUE,-1.249,-0.919,34b6e603-c53b-4ea4-a4f7-d8ebc2a9347c,2fd29250-bbf7-4189-be02-ff9790b166be,52.89973068,-111.9872284,,Supplementary,,,,FALSE,TRUE,TRUE
PIPELINE,PIPELINES,ACTIVE PIPELINES,L0004,STROME - HARDISTY,L0004 03 ST-YP,STROME,HARDISTY,74.35,8/28/21 8:17,.85 IRF,FALSE,TRUE,TRUE,TRUE,-1.322,-1.134,34b6e603-c53b-4ea4-a4f7-d8ebc2a9347c,3ae021a3-3f90-42e5-b739-7eba23f0fa5d,52.89973068,-111.9872284,,Supplementary,,,,FALSE,TRUE,TRUE
PIPELINE,PIPELINES,ACTIVE PIPELINES,L0004,STROME - HARDISTY,L0004 03 ST-YP,STROME,HARDISTY,75.544,8/28/21 8:50,.85 IRF,FALSE,TRUE,TRUE,TRUE,-1.331,-1.177,60008830-821b-4494-bc83-aa84210b000b,814e53cc-eadb-4f5f-8aa3-b7cf7223dcdc,52.89144135,-111.9632492,,Supplementary,,,,FALSE,TRUE,TRUE
PIPELINE,PIPELINES,ACTIVE PIPELINES,L0004,STROME - HARDISTY,L0004 03 ST-YP,STROME,HARDISTY,75.544,5/26/22 13:43,.85 IRF,FALSE,TRUE,TRUE,TRUE,-1.386,-1.053,60008830-821b-4494-bc83-aa84210b000b,7c449993-a81f-44a7-9a8e-00a6ed0068af,52.89144135,-111.9632492,,Supplementary,,,,FALSE,TRUE,TRUE
PIPELINE,PIPELINES,ACTIVE PIPELINES,L0004,STROME - HARDISTY,L0004 03 ST-YP,STROME,HARDISTY,75.544,7/7/19 9:42,.85 IRF,FALSE,TRUE,TRUE,TRUE,-1.374,-1.035,60008830-821b-4494-bc83-aa84210b000b,7ce5ccc1-3072-4663-8e57-7bdf6a16ba76,52.89144135,-111.9632492,,Supplementary,,,,FALSE,TRUE,TRUE
PIPELINE,PIPELINES,ACTIVE PIPELINES,L0004,STROME - HARDISTY,L0004 03 ST-YP,STROME,HARDISTY,75.544,9/30/20 2:56,.85 IRF,FALSE,TRUE,TRUE,TRUE,-1.386,-1.043,60008830-821b-4494-bc83-aa84210b000b,2d7d6028-1bac-48b3-84e5-d2d0b5589676,52.89144135,-111.9632492,,Supplementary,,,,FALSE,TRUE,TRUE
PIPELINE,PIPELINES,ACTIVE PIPELINES,L0004,STROME - HARDISTY,L0004 03 ST-YP,STROME,HARDISTY,76.85,8/28/21 9:09,.85 IRF,FALSE,TRUE,TRUE,TRUE,-1.365,-1.236,d54934db-73ec-4649-a1d6-f9d40bdd5528,0339a632-751b-420b-b750-adf172dbabce,52.88299179,-111.9388199,Mid Between Rectifiers,Anchor,,,,FALSE,TRUE,TRUE
PIPELINE,PIPELINES,ACTIVE PIPELINES,L0004,STROME - HARDISTY,L0004 03 ST-YP,STROME,HARDISTY,76.85,9/30/20 21:45,.85 IRF,FALSE,TRUE,TRUE,TRUE,-1.403,-1.037,d54934db-73ec-4649-a1d6-f9d40bdd5528,a89b7a69-7482-4a31-97ff-bf9b48f0c408,52.88299179,-111.9388199,Mid Between Rectifiers,Anchor,,,,FALSE,TRUE,TRUE
PIPELINE,PIPELINES,ACTIVE PIPELINES,L0004,STROME - HARDISTY,L0004 03 ST-YP,STROME,HARDISTY,76.85,7/7/19 11:45,.85 IRF,FALSE,FALSE,FALSE,,,,d54934db-73ec-4649-a1d6-f9d40bdd5528,525c18c2-cfdf-41a1-b974-7d16234f7962,52.88299179,-111.9388199,Mid Between Rectifiers,Anchor,,,,FALSE,TRUE,TRUE
PIPELINE,PIPELINES,ACTIVE PIPELINES,L0004,STROME - HARDISTY,L0004 03 ST-YP,STROME,HARDISTY,76.85,5/26/22 14:03,.85 IRF,FALSE,TRUE,TRUE,TRUE,-1.356,-0.995,d54934db-73ec-4649-a1d6-f9d40bdd5528,7d69faac-aff6-4846-b4f1-f231347d362c,52.88299179,-111.9388199,Mid Between Rectifiers,Anchor,,,,FALSE,TRUE,TRUE
PIPELINE,PIPELINES,ACTIVE PIPELINES,L0004,STROME - HARDISTY,L0004 03 ST-YP,STROME,HARDISTY,76.85,11/30/19 8:48,.85 IRF,FALSE,TRUE,TRUE,TRUE,-1.385,-0.903,d54934db-73ec-4649-a1d6-f9d40bdd5528,9da36a69-0998-4d82-a6b5-7a014685f671,52.88299179,-111.9388199,Mid Between Rectifiers,Anchor,,,,FALSE,TRUE,TRUE
PIPELINE,PIPELINES,ACTIVE PIPELINES,L0004,STROME - HARDISTY,L0004 03 ST-YP,STROME,HARDISTY,77.8,5/25/22 16:18,.85 IRF,FALSE,TRUE,TRUE,TRUE,-1.468,-1.084,03c147dc-876e-444f-846e-9da200259f09,28b5e306-3afd-4777-b18b-e3719f12b012,52.8742981,-111.9146576,,Supplementary,,,,FALSE,TRUE,TRUE
PIPELINE,PIPELINES,ACTIVE PIPELINES,L0004,STROME - HARDISTY,L0004 03 ST-YP,STROME,HARDISTY,77.8,8/28/21 9:27,.85 IRF,FALSE,TRUE,TRUE,TRUE,-1.386,-1.278,03c147dc-876e-444f-846e-9da200259f09,8cd2a03e-64e6-4036-9f84-9fae211bdece,52.8742981,-111.9146576,,Supplementary,,,,FALSE,TRUE,TRUE
PIPELINE,PIPELINES,ACTIVE PIPELINES,L0004,STROME - HARDISTY,L0004 03 ST-YP,STROME,HARDISTY,77.8,7/7/19 12:02,.85 IRF,FALSE,TRUE,TRUE,TRUE,-1.452,-1.072,03c147dc-876e-444f-846e-9da200259f09,46d03f1b-277b-4ddf-a19d-fc61c8e8f1b3,52.8742981,-111.9146576,,Supplementary,,,,FALSE,TRUE,TRUE
PIPELINE,PIPELINES,ACTIVE PIPELINES,L0004,STROME - HARDISTY,L0004 03 ST-YP,STROME,HARDISTY,79.0901,7/7/19 13:07,.85 IRF,FALSE,TRUE,TRUE,TRUE,-1.488,-1.067,9a051f89-2383-4db2-a327-935550ee8158,8db27114-8528-4230-8beb-ab7fb36ccd99,52.86472702,-111.8907089,,Supplementary,,,,FALSE,TRUE,TRUE
PIPELINE,PIPELINES,ACTIVE PIPELINES,L0004,STROME - HARDISTY,L0004 03 ST-YP,STROME,HARDISTY,79.0901,8/28/21 11:13,.85 IRF,FALSE,TRUE,TRUE,TRUE,-1.421,-1.011,9a051f89-2383-4db2-a327-935550ee8158,14016063-369d-4010-a4a3-ce5ee83509ac,52.86472702,-111.8907089,,Supplementary,,,,FALSE,TRUE,TRUE
PIPELINE,PIPELINES,ACTIVE PIPELINES,L0004,STROME - HARDISTY,L0004 03 ST-YP,STROME,HARDISTY,79.0901,5/25/22 16:01,.85 IRF,FALSE,TRUE,TRUE,TRUE,-1.519,-1.074,9a051f89-2383-4db2-a327-935550ee8158,7df0b5b6-93ee-40c2-96d8-11da3b8a53fd,52.86472702,-111.8907089,,Supplementary,,,,FALSE,TRUE,TRUE
PIPELINE,PIPELINES,ACTIVE PIPELINES,L0004,STROME - HARDISTY,L0004 03 ST-YP,STROME,HARDISTY,80.2551,7/26/19 17:24,.85 IRF,FALSE,TRUE,TRUE,TRUE,-1.512,-1.054,ed23c8b8-09f9-462e-a1fc-18a41878b38e,13cf7f47-a8f6-45c9-939d-3928852fba84,52.85677338,-111.8662949,,Continue to Monitor,Insufficient CP data,,,FALSE,TRUE,TRUE
PIPELINE,PIPELINES,ACTIVE PIPELINES,L0004,STROME - HARDISTY,L0004 03 ST-YP,STROME,HARDISTY,80.2551,5/25/22 15:44,.85 IRF,FALSE,TRUE,TRUE,TRUE,-1.559,-1.071,ed23c8b8-09f9-462e-a1fc-18a41878b38e,23fdf5bc-1ac5-4fe6-8a0a-b6bf05678397,52.85677338,-111.8662949,,Continue to Monitor,Insufficient CP data,,,FALSE,TRUE,TRUE
PIPELINE,PIPELINES,ACTIVE PIPELINES,L0004,STROME - HARDISTY,L0004 03 ST-YP,STROME,HARDISTY,80.2551,8/28/21 11:36,.85 IRF,FALSE,TRUE,TRUE,TRUE,-1.466,-1.007,ed23c8b8-09f9-462e-a1fc-18a41878b38e,dae03d08-7908-403d-94da-875a37bfab7e,52.85677338,-111.8662949,,Continue to Monitor,Insufficient CP data,,,FALSE,TRUE,TRUE
PIPELINE,PIPELINES,ACTIVE PIPELINES,L0004,STROME - HARDISTY,L0004 03 ST-YP,STROME,HARDISTY,80.2551,9/30/20 22:12,.85 IRF,FALSE,TRUE,TRUE,TRUE,-1.534,-1.06,ed23c8b8-09f9-462e-a1fc-18a41878b38e,e7b48cfc-030d-4ca2-81f9-a6989266b04e,52.85677338,-111.8662949,,Continue to Monitor,Insufficient CP data,,,FALSE,TRUE,TRUE
PIPELINE,PIPELINES,ACTIVE PIPELINES,L0004,STROME - HARDISTY,L0004 03 ST-YP,STROME,HARDISTY,81.415,5/25/22 15:27,.85 IRF,FALSE,TRUE,TRUE,TRUE,-1.767,-1.022,32e3728c-f393-4f54-afc7-b4a49c7460c3,e31d95ed-eb41-4cfc-9d49-5b684e4fa4ed,52.84848404,-111.842514,,Supplementary,,,,,TRUE,TRUE
PIPELINE,PIPELINES,ACTIVE PIPELINES,L0004,STROME - HARDISTY,L0004 03 ST-YP,STROME,HARDISTY,81.415,9/30/20 23:22,.85 IRF,FALSE,TRUE,TRUE,TRUE,-1.884,-1.125,32e3728c-f393-4f54-afc7-b4a49c7460c3,26c62c28-2d22-4d25-af22-087f9d4f9112,52.84848404,-111.842514,,Supplementary,,,,,TRUE,TRUE
PIPELINE,PIPELINES,ACTIVE PIPELINES,L0004,STROME - HARDISTY,L0004 03 ST-YP,STROME,HARDISTY,81.415,7/26/19 17:15,.85 IRF,FALSE,TRUE,TRUE,TRUE,-1.867,-1.142,32e3728c-f393-4f54-afc7-b4a49c7460c3,c396d33c-c786-4f0d-9ace-de90010c8e11,52.84848404,-111.842514,,Supplementary,,,,,TRUE,TRUE
PIPELINE,PIPELINES,ACTIVE PIPELINES,L0004,STROME - HARDISTY,L0004 03 ST-YP,STROME,HARDISTY,81.415,8/28/21 10:55,.85 IRF,FALSE,TRUE,TRUE,TRUE,-1.838,-1.083,32e3728c-f393-4f54-afc7-b4a49c7460c3,cc301803-b41a-4e02-b564-731b3f2b42bd,52.84848404,-111.842514,,Supplementary,,,,,TRUE,TRUE
PIPELINE,PIPELINES,ACTIVE PIPELINES,L0004,STROME - HARDISTY,L0004 03 ST-YP,STROME,HARDISTY,81.416,7/8/19 9:27,.85 IRF,FALSE,TRUE,TRUE,TRUE,-1.893,-1.105,f5c84960-5f78-4e50-942a-24a780af13b3,e575fa53-632a-4398-832b-e7cf6dac6be1,52.84825897,-111.8418503,,Supplementary,,,,FALSE,TRUE,TRUE
PIPELINE,PIPELINES,ACTIVE PIPELINES,L0004,STROME - HARDISTY,L0004 03 ST-YP,STROME,HARDISTY,81.416,9/30/20 22:55,.85 IRF,FALSE,TRUE,TRUE,TRUE,-1.895,-1.107,f5c84960-5f78-4e50-942a-24a780af13b3,f3e2d127-1054-493b-af56-c255ed5a41bc,52.84825897,-111.8418503,,Supplementary,,,,FALSE,TRUE,TRUE
PIPELINE,PIPELINES,ACTIVE PIPELINES,L0004,STROME - HARDISTY,L0004 03 ST-YP,STROME,HARDISTY,81.416,8/28/21 10:21,.85 IRF,FALSE,TRUE,TRUE,TRUE,-1.825,-1.047,f5c84960-5f78-4e50-942a-24a780af13b3,75dfa19c-908b-4a89-987e-7dd4fa10c9fc,52.84825897,-111.8418503,,Supplementary,,,,FALSE,TRUE,TRUE
PIPELINE,PIPELINES,ACTIVE PIPELINES,L0004,STROME - HARDISTY,L0004 03 ST-YP,STROME,HARDISTY,81.416,5/25/22 15:00,.85 IRF,FALSE,TRUE,TRUE,TRUE,-1.845,-1.033,f5c84960-5f78-4e50-942a-24a780af13b3,a7668d44-71d3-474e-aece-41e9a7a0ed52,52.84825897,-111.8418503,,Supplementary,,,,FALSE,TRUE,TRUE
PIPELINE,PIPELINES,ACTIVE PIPELINES,L0004,STROME - HARDISTY,L0004 03 ST-YP,STROME,HARDISTY,81.4163,5/25/22 15:22,.85 IRF,FALSE,FALSE,FALSE,,,,11a96e82-7d15-4b94-b4f9-7afe7d7bcc92,6c06b5f9-6952-4889-a2f3-294a074d1624,52.84839249,-111.8425217,,Continue to Monitor,Cased crossing,,,,TRUE,TRUE
PIPELINE,PIPELINES,ACTIVE PIPELINES,L0004,STROME - HARDISTY,L0004 03 ST-YP,STROME,HARDISTY,81.4163,8/28/21 10:47,.85 IRF,FALSE,FALSE,FALSE,,,,11a96e82-7d15-4b94-b4f9-7afe7d7bcc92,b8204817-ecde-4f4c-8851-0e6bb3f82316,52.84839249,-111.8425217,,Continue to Monitor,Cased crossing,,,,TRUE,TRUE
PIPELINE,PIPELINES,ACTIVE PIPELINES,L0004,STROME - HARDISTY,L0004 03 ST-YP,STROME,HARDISTY,81.4163,7/19/19 22:12,.85 IRF,FALSE,FALSE,FALSE,,,,11a96e82-7d15-4b94-b4f9-7afe7d7bcc92,7131cd3b-7de5-413e-babc-9ebb0866be6c,52.84839249,-111.8425217,,Continue to Monitor,Cased crossing,,,,TRUE,TRUE
PIPELINE,PIPELINES,ACTIVE PIPELINES,L0004,STROME - HARDISTY,L0004 03 ST-YP,STROME,HARDISTY,81.4163,9/30/20 23:06,.85 IRF,FALSE,FALSE,FALSE,,,,11a96e82-7d15-4b94-b4f9-7afe7d7bcc92,a4fb311d-0150-4169-b812-abf74b21e34d,52.84839249,-111.8425217,,Continue to Monitor,Cased crossing,,,,TRUE,TRUE
PIPELINE,PIPELINES,ACTIVE PIPELINES,L0004,STROME - HARDISTY,L0004 03 ST-YP,STROME,HARDISTY,81.4164,8/28/21 10:25,.85 IRF,FALSE,TRUE,TRUE,TRUE,-1.388,-1.013,3caf4df0-128d-4173-bcd1-44e97d450792,3b4fadef-2620-4ef5-937e-c791517b8f6e,52.84814835,-111.8418579,Adjecent Rectifier,Anchor,,,,FALSE,TRUE,TRUE
PIPELINE,PIPELINES,ACTIVE PIPELINES,L0004,STROME - HARDISTY,L0004 03 ST-YP,STROME,HARDISTY,81.4164,9/30/20 23:07,.85 IRF,FALSE,TRUE,TRUE,TRUE,-1.464,-1.092,3caf4df0-128d-4173-bcd1-44e97d450792,61865f01-9197-4ac4-963b-30a837e5cb00,52.84814835,-111.8418579,Adjecent Rectifier,Anchor,,,,FALSE,TRUE,TRUE
PIPELINE,PIPELINES,ACTIVE PIPELINES,L0004,STROME - HARDISTY,L0004 03 ST-YP,STROME,HARDISTY,81.4164,5/25/22 15:03,.85 IRF,FALSE,TRUE,TRUE,TRUE,-1.426,-1.044,3caf4df0-128d-4173-bcd1-44e97d450792,cdaa3754-826e-4aee-b734-5a592445eb65,52.84814835,-111.8418579,Adjecent Rectifier,Anchor,,,,FALSE,TRUE,TRUE
PIPELINE,PIPELINES,ACTIVE PIPELINES,L0004,STROME - HARDISTY,L0004 03 ST-YP,STROME,HARDISTY,81.4164,7/8/19 9:42,.85 IRF,FALSE,TRUE,TRUE,TRUE,-1.505,-1.075,3caf4df0-128d-4173-bcd1-44e97d450792,508987a5-5ced-4330-a054-a2805afddef6,52.84814835,-111.8418579,Adjecent Rectifier,Anchor,,,,FALSE,TRUE,TRUE
PIPELINE,PIPELINES,ACTIVE PIPELINES,L0004,STROME - HARDISTY,L0004 03 ST-YP,STROME,HARDISTY,83.787,5/25/22 14:08,.85 IRF,FALSE,TRUE,TRUE,TRUE,-1.511,-1.085,7d1925fe-ed43-4cdc-9476-3999f8d6c9d7,5c16628c-f1f7-4052-8b01-8ad5ae7a339c,52.830616,-111.7936707,,,,,,,TRUE,TRUE
PIPELINE,PIPELINES,ACTIVE PIPELINES,L0004,STROME - HARDISTY,L0004 03 ST-YP,STROME,HARDISTY,83.787,8/28/21 12:29,.85 IRF,FALSE,TRUE,TRUE,TRUE,-1.426,-1.033,7d1925fe-ed43-4cdc-9476-3999f8d6c9d7,e56da698-1257-497b-876c-1ae4c94f95c9,52.830616,-111.7936707,,,,,,,TRUE,TRUE
PIPELINE,PIPELINES,ACTIVE PIPELINES,L0004,STROME - HARDISTY,L0004 03 ST-YP,STROME,HARDISTY,83.787,9/30/20 12:00,.85 IRF,FALSE,TRUE,TRUE,TRUE,-1.483,-1.075,7d1925fe-ed43-4cdc-9476-3999f8d6c9d7,496a432c-0d78-46df-8421-bf3c4a4936d2,52.830616,-111.7936707,,,,,,,TRUE,TRUE
PIPELINE,PIPELINES,ACTIVE PIPELINES,L0004,STROME - HARDISTY,L0004 03 ST-YP,STROME,HARDISTY,85.032,5/25/22 13:37,.85 IRF,FALSE,TRUE,TRUE,TRUE,-1.404,-1.034,474c1aab-6e1f-474d-9605-0d83f96c9fd4,4f3aa48c-72a7-4c1b-8bcf-d69c6f579090,52.82155609,-111.7695465,,Supplementary,,,,FALSE,TRUE,TRUE
PIPELINE,PIPELINES,ACTIVE PIPELINES,L0004,STROME - HARDISTY,L0004 03 ST-YP,STROME,HARDISTY,85.032,8/28/21 11:57,.85 IRF,FALSE,TRUE,TRUE,TRUE,-1.389,-1.05,474c1aab-6e1f-474d-9605-0d83f96c9fd4,0bb63f19-8640-4e1a-bc6c-9ed294f343a0,52.82155609,-111.7695465,,Supplementary,,,,FALSE,TRUE,TRUE
PIPELINE,PIPELINES,ACTIVE PIPELINES,L0004,STROME - HARDISTY,L0004 03 ST-YP,STROME,HARDISTY,85.032,7/8/19 10:41,.85 IRF,FALSE,TRUE,TRUE,TRUE,-1.444,-1.073,474c1aab-6e1f-474d-9605-0d83f96c9fd4,49714cb0-2489-4762-b360-4e5335091418,52.82155609,-111.7695465,,Supplementary,,,,FALSE,TRUE,TRUE
PIPELINE,PIPELINES,ACTIVE PIPELINES,L0004,STROME - HARDISTY,L0004 03 ST-YP,STROME,HARDISTY,85.032,9/30/20 12:00,.85 IRF,FALSE,TRUE,TRUE,TRUE,-1.452,-1.098,474c1aab-6e1f-474d-9605-0d83f96c9fd4,b0a1f18f-6184-4618-8eab-37b538d6049b,52.82155609,-111.7695465,,Supplementary,,,,FALSE,TRUE,TRUE
PIPELINE,PIPELINES,ACTIVE PIPELINES,L0004,STROME - HARDISTY,L0004 03 ST-YP,STROME,HARDISTY,85.032,5/25/22 13:41,.85 IRF,FALSE,TRUE,TRUE,TRUE,-1.199,-1.082,174c948c-6a68-4bba-a961-2486836f8557,89f41637-1677-4e27-9dde-31da447777b3,52.82151794,-111.7697601,Adjecent Rectifier,Anchor,,,,,TRUE,TRUE
PIPELINE,PIPELINES,ACTIVE PIPELINES,L0004,STROME - HARDISTY,L0004 03 ST-YP,STROME,HARDISTY,85.032,8/28/21 12:10,.85 IRF,FALSE,TRUE,TRUE,TRUE,-1.084,-0.999,174c948c-6a68-4bba-a961-2486836f8557,15905727-58cb-46fc-8f97-d6e9a8f1b2ae,52.82151794,-111.7697601,Adjecent Rectifier,Anchor,,,,,TRUE,TRUE
PIPELINE,PIPELINES,ACTIVE PIPELINES,L0004,STROME - HARDISTY,L0004 03 ST-YP,STROME,HARDISTY,85.032,10/13/20 22:10,.85 IRF,FALSE,TRUE,TRUE,TRUE,-1.191,-1.089,174c948c-6a68-4bba-a961-2486836f8557,1f26b9fb-f359-4ce7-b113-986564401943,52.82151794,-111.7697601,Adjecent Rectifier,Anchor,,,,,TRUE,TRUE
PIPELINE,PIPELINES,ACTIVE PIPELINES,L0004,STROME - HARDISTY,L0004 03 ST-YP,STROME,HARDISTY,85.032,7/20/19 0:28,.85 IRF,FALSE,TRUE,TRUE,TRUE,-1.249,-1.107,174c948c-6a68-4bba-a961-2486836f8557,f5fd2e41-a7f5-430c-8747-0302a221e487,52.82151794,-111.7697601,Adjecent Rectifier,Anchor,,,,,TRUE,TRUE
PIPELINE,PIPELINES,ACTIVE PIPELINES,L0004,STROME - HARDISTY,L0004 03 ST-YP,STROME,HARDISTY,85.95,5/25/22 13:52,.85 IRF,FALSE,TRUE,TRUE,TRUE,-1.427,-1.027,622b8fe5-f023-4ddd-b5fa-da3acb2f8485,b25117dd-625d-4b05-a2e2-a9869004c57f,52.8141861,-111.7503357,,Continue to Monitor,Corrosion Growth Rate,,,TRUE,TRUE,TRUE
PIPELINE,PIPELINES,ACTIVE PIPELINES,L0004,STROME - HARDISTY,L0004 03 ST-YP,STROME,HARDISTY,85.95,7/8/19 11:06,.85 IRF,FALSE,TRUE,TRUE,TRUE,-1.429,-1.077,622b8fe5-f023-4ddd-b5fa-da3acb2f8485,8a63da86-33b6-4e0d-a2c6-33589707642c,52.8141861,-111.7503357,,Continue to Monitor,Corrosion Growth Rate,,,TRUE,TRUE,TRUE
PIPELINE,PIPELINES,ACTIVE PIPELINES,L0004,STROME - HARDISTY,L0004 03 ST-YP,STROME,HARDISTY,85.95,8/28/21 12:40,.85 IRF,FALSE,TRUE,TRUE,TRUE,-1.39,-1.075,622b8fe5-f023-4ddd-b5fa-da3acb2f8485,689ca86f-8163-4e5d-a27d-6b076755cad4,52.8141861,-111.7503357,,Continue to Monitor,Corrosion Growth Rate,,,TRUE,TRUE,TRUE
PIPELINE,PIPELINES,ACTIVE PIPELINES,L0004,STROME - HARDISTY,L0004 03 ST-YP,STROME,HARDISTY,85.95,10/13/20 22:17,.85 IRF,FALSE,TRUE,TRUE,TRUE,-1.434,-1.119,622b8fe5-f023-4ddd-b5fa-da3acb2f8485,a90d0b16-3971-4c45-ba02-bada67504201,52.8141861,-111.7503357,,Continue to Monitor,Corrosion Growth Rate,,,TRUE,TRUE,TRUE
PIPELINE,PIPELINES,ACTIVE PIPELINES,L0004,STROME - HARDISTY,L0004 03 ST-YP,STROME,HARDISTY,87.3,7/8/19 12:47,.85 IRF,FALSE,TRUE,TRUE,TRUE,-1.376,-1.063,1fad941b-2924-4237-b945-e39e4988b3a3,e72057a1-776a-4ee1-85c5-381da18e64bb,52.80287552,-111.721489,,Continue to Monitor,Insufficient CP data,,,TRUE,TRUE,TRUE
PIPELINE,PIPELINES,ACTIVE PIPELINES,L0004,STROME - HARDISTY,L0004 03 ST-YP,STROME,HARDISTY,87.3,5/25/22 12:46,.85 IRF,FALSE,TRUE,TRUE,TRUE,-1.423,-1.136,1fad941b-2924-4237-b945-e39e4988b3a3,4dd42dfc-932d-42e2-aa2d-2376730e2dc7,52.80287552,-111.721489,,Continue to Monitor,Insufficient CP data,,,TRUE,TRUE,TRUE
PIPELINE,PIPELINES,ACTIVE PIPELINES,L0004,STROME - HARDISTY,L0004 03 ST-YP,STROME,HARDISTY,87.3,8/28/21 13:50,.85 IRF,FALSE,TRUE,TRUE,TRUE,-1.331,-1.064,1fad941b-2924-4237-b945-e39e4988b3a3,b807156a-d2c5-493a-a8b9-1a897f8cef59,52.80287552,-111.721489,,Continue to Monitor,Insufficient CP data,,,TRUE,TRUE,TRUE
PIPELINE,PIPELINES,ACTIVE PIPELINES,L0004,STROME - HARDISTY,L0004 03 ST-YP,STROME,HARDISTY,87.3,10/1/20 1:50,.85 IRF,FALSE,TRUE,TRUE,TRUE,-1.399,-1.118,1fad941b-2924-4237-b945-e39e4988b3a3,1f57f194-d1f2-443e-965d-01ee90c609c0,52.80287552,-111.721489,,Continue to Monitor,Insufficient CP data,,,TRUE,TRUE,TRUE
PIPELINE,PIPELINES,ACTIVE PIPELINES,L0004,STROME - HARDISTY,L0004 03 ST-YP,STROME,HARDISTY,88.5405,7/19/19 23:19,.85 IRF,FALSE,FALSE,FALSE,,,,c09befea-177c-4023-a080-b72d20c72793,de8a5d16-ca9e-4354-aeb3-f8b01e4df005,52.79443741,-111.6983948,,Supplementary,,,,,TRUE,TRUE
PIPELINE,PIPELINES,ACTIVE PIPELINES,L0004,STROME - HARDISTY,L0004 03 ST-YP,STROME,HARDISTY,88.5405,8/28/21 13:26,.85 IRF,FALSE,FALSE,FALSE,,,,c09befea-177c-4023-a080-b72d20c72793,da578bf4-df4b-4c4d-846a-89a5fe18fbea,52.79443741,-111.6983948,,Supplementary,,,,,TRUE,TRUE
PIPELINE,PIPELINES,ACTIVE PIPELINES,L0004,STROME - HARDISTY,L0004 03 ST-YP,STROME,HARDISTY,88.5405,5/25/22 12:18,.85 IRF,FALSE,FALSE,FALSE,,,,c09befea-177c-4023-a080-b72d20c72793,7bf1ab59-73df-4986-a0dd-dc90fac86781,52.79443741,-111.6983948,,Supplementary,,,,,TRUE,TRUE
PIPELINE,PIPELINES,ACTIVE PIPELINES,L0004,STROME - HARDISTY,L0004 03 ST-YP,STROME,HARDISTY,88.543,5/25/22 12:17,.85 IRF,FALSE,TRUE,TRUE,TRUE,-1.194,-1.09,f8033bbb-abf4-444a-9557-1bd1012bf102,e4fe7571-7f49-4436-a588-4f3003710f12,52.79452133,-111.6983795,,Continue to Monitor,Sensitive Area,,,TRUE,TRUE,TRUE
PIPELINE,PIPELINES,ACTIVE PIPELINES,L0004,STROME - HARDISTY,L0004 03 ST-YP,STROME,HARDISTY,88.543,7/9/19 13:48,.85 IRF,FALSE,TRUE,TRUE,TRUE,-1.287,-1.038,f8033bbb-abf4-444a-9557-1bd1012bf102,5f9e07c5-b3bd-472d-ab71-e9540d4821f4,52.79452133,-111.6983795,,Continue to Monitor,Sensitive Area,,,TRUE,TRUE,TRUE
PIPELINE,PIPELINES,ACTIVE PIPELINES,L0004,STROME - HARDISTY,L0004 03 ST-YP,STROME,HARDISTY,88.543,10/1/20 2:20,.85 IRF,FALSE,TRUE,TRUE,TRUE,-1.33,-1.121,f8033bbb-abf4-444a-9557-1bd1012bf102,1413935b-b182-4891-8c8b-6cbdfb220f36,52.79452133,-111.6983795,,Continue to Monitor,Sensitive Area,,,TRUE,TRUE,TRUE
PIPELINE,PIPELINES,ACTIVE PIPELINES,L0004,STROME - HARDISTY,L0004 03 ST-YP,STROME,HARDISTY,88.543,5/25/22 12:17,.85 IRF,FALSE,TRUE,TRUE,TRUE,-1.194,-1.09,8c6292d0-0880-455f-89d0-afdcbbc38889,03a15899-0ae8-460d-a358-0dc1b0391251,,,,,,,,,TRUE,TRUE
PIPELINE,PIPELINES,ACTIVE PIPELINES,L0004,STROME - HARDISTY,L0004 03 ST-YP,STROME,HARDISTY,88.543,8/28/21 13:24,.85 IRF,FALSE,TRUE,TRUE,TRUE,-1.554,-1.067,f8033bbb-abf4-444a-9557-1bd1012bf102,d0d9ce40-ebdf-4f72-a6a1-8c7f998abecb,52.79452133,-111.6983795,,Continue to Monitor,Sensitive Area,,,TRUE,TRUE,TRUE
PIPELINE,PIPELINES,ACTIVE PIPELINES,L0004,STROME - HARDISTY,L0004 03 ST-YP,STROME,HARDISTY,88.546,8/28/21 13:24,.85 IRF,FALSE,TRUE,TRUE,TRUE,-1.272,-1.063,3b98a8db-4869-4ddc-b5e1-c1d6e683e043,608b7c8f-1c59-4bff-8a65-47d2962255c2,52.79451752,-111.6983643,,Continue to Monitor,Corrosion Growth Rate,,,TRUE,TRUE,TRUE
PIPELINE,PIPELINES,ACTIVE PIPELINES,L0004,STROME - HARDISTY,L0004 03 ST-YP,STROME,HARDISTY,88.546,10/1/20 2:21,.85 IRF,FALSE,TRUE,TRUE,TRUE,-1.236,-1.021,3b98a8db-4869-4ddc-b5e1-c1d6e683e043,4d61d02c-ee3e-49dd-a23f-61be4e4918f8,52.79451752,-111.6983643,,Continue to Monitor,Corrosion Growth Rate,,,TRUE,TRUE,TRUE
PIPELINE,PIPELINES,ACTIVE PIPELINES,L0004,STROME - HARDISTY,L0004 03 ST-YP,STROME,HARDISTY,88.546,5/25/22 12:16,.85 IRF,FALSE,TRUE,TRUE,TRUE,-1.366,-1.137,3b98a8db-4869-4ddc-b5e1-c1d6e683e043,33a3c070-4c84-48b6-ae55-4e48b45f1e29,52.79451752,-111.6983643,,Continue to Monitor,Corrosion Growth Rate,,,TRUE,TRUE,TRUE
PIPELINE,PIPELINES,ACTIVE PIPELINES,L0004,STROME - HARDISTY,L0004 03 ST-YP,STROME,HARDISTY,88.546,7/9/19 13:57,.85 IRF,FALSE,TRUE,TRUE,TRUE,-1.38,-1.085,3b98a8db-4869-4ddc-b5e1-c1d6e683e043,2dc86d00-b5ef-4adb-ad12-8fb408e60584,52.79451752,-111.6983643,,Continue to Monitor,Corrosion Growth Rate,,,TRUE,TRUE,TRUE
PIPELINE,PIPELINES,ACTIVE PIPELINES,L0004,STROME - HARDISTY,L0004 03 ST-YP,STROME,HARDISTY,88.605,7/8/19 13:43,.85 IRF,FALSE,TRUE,TRUE,TRUE,-1.259,-0.939,91ebfb41-7b11-491d-bf43-9187b5273298,90ff652d-cd74-4a35-a839-d130fd21487e,52.79410172,-111.6972809,,Continue to Monitor,Sensitive Area,,,TRUE,TRUE,TRUE
PIPELINE,PIPELINES,ACTIVE PIPELINES,L0004,STROME - HARDISTY,L0004 03 ST-YP,STROME,HARDISTY,88.605,8/28/21 13:18,.85 IRF,FALSE,TRUE,TRUE,TRUE,-1.286,-1.059,91ebfb41-7b11-491d-bf43-9187b5273298,6f8cd408-5f7b-4450-b0fb-2472268f4a5e,52.79410172,-111.6972809,,Continue to Monitor,Sensitive Area,,,TRUE,TRUE,TRUE
PIPELINE,PIPELINES,ACTIVE PIPELINES,L0004,STROME - HARDISTY,L0004 03 ST-YP,STROME,HARDISTY,88.605,5/25/22 12:12,.85 IRF,FALSE,TRUE,TRUE,TRUE,-1.392,-1.154,91ebfb41-7b11-491d-bf43-9187b5273298,b466f0bc-d8a4-457c-87e1-4f5c859e08cd,52.79410172,-111.6972809,,Continue to Monitor,Sensitive Area,,,TRUE,TRUE,TRUE
PIPELINE,PIPELINES,ACTIVE PIPELINES,L0004,STROME - HARDISTY,L0004 03 ST-YP,STROME,HARDISTY,88.605,10/1/20 2:33,.85 IRF,FALSE,TRUE,TRUE,TRUE,-1.327,-1.086,91ebfb41-7b11-491d-bf43-9187b5273298,5843bd1d-7970-4b6c-999e-5e8c12e97c8f,52.79410172,-111.6972809,,Continue to Monitor,Sensitive Area,,,TRUE,TRUE,TRUE
PIPELINE,PIPELINES,ACTIVE PIPELINES,L0004,STROME - HARDISTY,L0004 03 ST-YP,STROME,HARDISTY,88.605,7/30/19 8:28,.85 IRF,FALSE,TRUE,TRUE,TRUE,-1.29,-1.016,51e69533-e8c7-4f2f-9276-c3665cb2dd89,22f36911-e32f-43cd-bd6e-d6d5c0f08117,52.79391098,-111.6972733,,Continue to Monitor,Corrosion Growth Rate,,,,TRUE,TRUE
PIPELINE,PIPELINES,ACTIVE PIPELINES,L0004,STROME - HARDISTY,L0004 03 ST-YP,STROME,HARDISTY,88.605,10/1/20 2:41,.85 IRF,FALSE,TRUE,TRUE,TRUE,-1.274,-1.074,51e69533-e8c7-4f2f-9276-c3665cb2dd89,4553000c-53d2-48b3-af07-6574ca4adaf9,52.79391098,-111.6972733,,Continue to Monitor,Corrosion Growth Rate,,,,TRUE,TRUE
PIPELINE,PIPELINES,ACTIVE PIPELINES,L0004,STROME - HARDISTY,L0004 03 ST-YP,STROME,HARDISTY,88.605,8/28/21 13:13,.85 IRF,FALSE,TRUE,TRUE,TRUE,-1.202,-1.012,51e69533-e8c7-4f2f-9276-c3665cb2dd89,d7e1dfc9-49b1-452f-87c5-720f351c518c,52.79391098,-111.6972733,,Continue to Monitor,Corrosion Growth Rate,,,,TRUE,TRUE
PIPELINE,PIPELINES,ACTIVE PIPELINES,L0004,STROME - HARDISTY,L0004 03 ST-YP,STROME,HARDISTY,88.605,5/25/22 12:06,.85 IRF,FALSE,TRUE,TRUE,TRUE,-1.273,-1.057,51e69533-e8c7-4f2f-9276-c3665cb2dd89,eaac40f5-2782-4813-b497-c9fa59001ae6,52.79391098,-111.6972733,,Continue to Monitor,Corrosion Growth Rate,,,,TRUE,TRUE
PIPELINE,PIPELINES,ACTIVE PIPELINES,L0004,STROME - HARDISTY,L0004 03 ST-YP,STROME,HARDISTY,88.824,10/1/20 3:04,.85 IRF,FALSE,TRUE,TRUE,TRUE,-1.05,-0.972,da348ba9-c11d-41b0-9761-301ac6bc24f3,10ca1317-433e-4057-abbf-9f5dc55294bc,52.78467178,-111.6727829,Mid Between Rectifiers,Anchor,,,,FALSE,TRUE,TRUE
PIPELINE,PIPELINES,ACTIVE PIPELINES,L0004,STROME - HARDISTY,L0004 03 ST-YP,STROME,HARDISTY,88.824,5/25/22 11:09,.85 IRF,FALSE,TRUE,TRUE,TRUE,-1.151,-1.061,da348ba9-c11d-41b0-9761-301ac6bc24f3,bfa8d776-2fbb-4e79-a2a3-c5a706e9ebc4,52.78467178,-111.6727829,Mid Between Rectifiers,Anchor,,,,FALSE,TRUE,TRUE
PIPELINE,PIPELINES,ACTIVE PIPELINES,L0004,STROME - HARDISTY,L0004 03 ST-YP,STROME,HARDISTY,88.824,7/9/19 15:12,.85 IRF,FALSE,TRUE,TRUE,TRUE,-1.102,-0.972,da348ba9-c11d-41b0-9761-301ac6bc24f3,377c83c5-40be-43b3-83dc-98cd7dbb29b1,52.78467178,-111.6727829,Mid Between Rectifiers,Anchor,,,,FALSE,TRUE,TRUE
PIPELINE,PIPELINES,ACTIVE PIPELINES,L0004,STROME - HARDISTY,L0004 03 ST-YP,STROME,HARDISTY,88.824,8/28/21 14:34,.85 IRF,FALSE,TRUE,TRUE,TRUE,-1.04,-0.969,da348ba9-c11d-41b0-9761-301ac6bc24f3,e4f868e1-729f-4278-a18e-a4e5cbd80e90,52.78467178,-111.6727829,Mid Between Rectifiers,Anchor,,,,FALSE,TRUE,TRUE
PIPELINE,PIPELINES,ACTIVE PIPELINES,L0004,STROME - HARDISTY,L0004 03 ST-YP,STROME,HARDISTY,89.825,5/25/22 11:17,.85 IRF,FALSE,FALSE,FALSE,,,,5f6aa578-80a9-4488-ae5f-7d3e97e84c99,160997a3-bcae-4fcb-9852-d897202b7b25,52.78453445,-111.6721497,,Supplementary,,,,,TRUE,TRUE
PIPELINE,PIPELINES,ACTIVE PIPELINES,L0004,STROME - HARDISTY,L0004 03 ST-YP,STROME,HARDISTY,89.825,7/20/19 0:28,.85 IRF,FALSE,FALSE,FALSE,,,,5f6aa578-80a9-4488-ae5f-7d3e97e84c99,21376985-476c-4e94-a435-da0bddf7c019,52.78453445,-111.6721497,,Supplementary,,,,,TRUE,TRUE
PIPELINE,PIPELINES,ACTIVE PIPELINES,L0004,STROME - HARDISTY,L0004 03 ST-YP,STROME,HARDISTY,89.825,8/29/21 7:05,.85 IRF,FALSE,FALSE,FALSE,,,,5f6aa578-80a9-4488-ae5f-7d3e97e84c99,57e0a735-3484-46fa-aa5b-91e8d83f0a55,52.78453445,-111.6721497,,Supplementary,,,,,TRUE,TRUE
PIPELINE,PIPELINES,ACTIVE PIPELINES,L0004,STROME - HARDISTY,L0004 03 ST-YP,STROME,HARDISTY,90.65,7/26/19 17:24,.85 IRF,FALSE,TRUE,TRUE,TRUE,-1.345,-1.062,b126fad1-ee3f-494d-b0f6-c2455be1f89f,a2642e7a-bf19-455d-9850-eb61553f859d,52.77653503,-111.6485214,,Supplementary,,,,FALSE,TRUE,TRUE
PIPELINE,PIPELINES,ACTIVE PIPELINES,L0004,STROME - HARDISTY,L0004 03 ST-YP,STROME,HARDISTY,90.65,8/28/21 14:44,.85 IRF,FALSE,TRUE,TRUE,TRUE,-1.281,-1.06,b126fad1-ee3f-494d-b0f6-c2455be1f89f,aaf2e38d-0f11-4a2e-8f36-89dd04f607e5,52.77653503,-111.6485214,,Supplementary,,,,FALSE,TRUE,TRUE
PIPELINE,PIPELINES,ACTIVE PIPELINES,L0004,STROME - HARDISTY,L0004 03 ST-YP,STROME,HARDISTY,90.65,5/25/22 11:00,.85 IRF,FALSE,TRUE,TRUE,TRUE,-1.392,-1.154,b126fad1-ee3f-494d-b0f6-c2455be1f89f,7e133858-583c-45ba-a805-9cf5b6371c8d,52.77653503,-111.6485214,,Supplementary,,,,FALSE,TRUE,TRUE
PIPELINE,PIPELINES,ACTIVE PIPELINES,L0004,STROME - HARDISTY,L0004 03 ST-YP,STROME,HARDISTY,91.8551,7/26/19 17:21,.85 IRF,FALSE,TRUE,TRUE,TRUE,-1.358,-1.06,9e7df9c4-1c1a-4d0d-aa48-8675b4634e56,d219c101-feb2-4e4f-ad2e-bf5b445a3142,52.76896667,-111.632164,,Continue to Monitor,Corrosion Growth Rate,,,FALSE,TRUE,TRUE
PIPELINE,PIPELINES,ACTIVE PIPELINES,L0004,STROME - HARDISTY,L0004 03 ST-YP,STROME,HARDISTY,91.8551,5/25/22 10:49,.85 IRF,FALSE,TRUE,TRUE,TRUE,-1.411,-1.154,9e7df9c4-1c1a-4d0d-aa48-8675b4634e56,6fedcb70-fe4b-4402-8226-1c8b64b8c546,52.76896667,-111.632164,,Continue to Monitor,Corrosion Growth Rate,,,FALSE,TRUE,TRUE
PIPELINE,PIPELINES,ACTIVE PIPELINES,L0004,STROME - HARDISTY,L0004 03 ST-YP,STROME,HARDISTY,91.8551,5/25/22 10:49,.85 IRF,FALSE,TRUE,TRUE,TRUE,-1.411,-1.154,7d110880-3625-42b5-8ea7-385efa6bfda3,6314b26b-71bb-4e86-8854-d1f49c542a69,,,,,,,,,TRUE,TRUE
PIPELINE,PIPELINES,ACTIVE PIPELINES,L0004,STROME - HARDISTY,L0004 03 ST-YP,STROME,HARDISTY,91.8551,10/1/20 3:56,.85 IRF,FALSE,TRUE,TRUE,TRUE,-1.371,-1.102,9e7df9c4-1c1a-4d0d-aa48-8675b4634e56,9ab5acac-25c4-4d1f-9751-db2e15234e38,52.76896667,-111.632164,,Continue to Monitor,Corrosion Growth Rate,,,FALSE,TRUE,TRUE
PIPELINE,PIPELINES,ACTIVE PIPELINES,L0004,STROME - HARDISTY,L0004 03 ST-YP,STROME,HARDISTY,91.8551,8/28/21 15:08,.85 IRF,FALSE,TRUE,TRUE,TRUE,-1.306,-1.06,9e7df9c4-1c1a-4d0d-aa48-8675b4634e56,4f41a9bc-824b-41bc-ad1e-a9c07ffe8dab,52.76896667,-111.632164,,Continue to Monitor,Corrosion Growth Rate,,,FALSE,TRUE,TRUE
PIPELINE,PIPELINES,ACTIVE PIPELINES,L0004,STROME - HARDISTY,L0004 03 ST-YP,STROME,HARDISTY,91.876,5/25/22 10:27,.85 IRF,FALSE,TRUE,TRUE,TRUE,-1.393,-1.126,7b7b447d-4934-4c0a-9278-ecac6497ab2d,25200165-6a76-4c76-9f1e-64c9a06ab26d,52.76832199,-111.6316605,,Supplementary,,,,FALSE,TRUE,TRUE
PIPELINE,PIPELINES,ACTIVE PIPELINES,L0004,STROME - HARDISTY,L0004 03 ST-YP,STROME,HARDISTY,91.876,9/30/20 12:00,.85 IRF,FALSE,TRUE,TRUE,TRUE,-1.343,-1.07,7b7b447d-4934-4c0a-9278-ecac6497ab2d,76856afa-22ff-4984-9234-c4f2a377bf85,52.76832199,-111.6316605,,Supplementary,,,,FALSE,TRUE,TRUE
PIPELINE,PIPELINES,ACTIVE PIPELINES,L0004,STROME - HARDISTY,L0004 03 ST-YP,STROME,HARDISTY,91.876,8/28/21 15:22,.85 IRF,FALSE,TRUE,TRUE,TRUE,-1.314,-1.065,7b7b447d-4934-4c0a-9278-ecac6497ab2d,697cea01-7adb-417f-be1d-b0bc9fb611d8,52.76832199,-111.6316605,,Supplementary,,,,FALSE,TRUE,TRUE
PIPELINE,PIPELINES,ACTIVE PIPELINES,L0004,STROME - HARDISTY,L0004 03 ST-YP,STROME,HARDISTY,91.876,7/10/19 9:07,.85 IRF,FALSE,TRUE,TRUE,TRUE,-1.366,-1.065,7b7b447d-4934-4c0a-9278-ecac6497ab2d,a74a2213-4102-4560-ba2f-9573244ced14,52.76832199,-111.6316605,,Supplementary,,,,FALSE,TRUE,TRUE
PIPELINE,PIPELINES,ACTIVE PIPELINES,L0004,STROME - HARDISTY,L0004 03 ST-YP,STROME,HARDISTY,92.251,5/25/22 10:14,.85 IRF,FALSE,TRUE,TRUE,TRUE,-1.427,-1.15,3c08ecde-34dc-47f9-b591-0cf8b13d6709,785fc47d-4c7a-45b6-9df3-b6be5d06fdd4,52.76601791,-111.6243286,,Continue to Monitor,Corrosion Growth Rate,,,FALSE,TRUE,TRUE
PIPELINE,PIPELINES,ACTIVE PIPELINES,L0004,STROME - HARDISTY,L0004 03 ST-YP,STROME,HARDISTY,92.251,10/1/20 4:29,.85 IRF,FALSE,TRUE,TRUE,TRUE,-1.386,-1.098,3c08ecde-34dc-47f9-b591-0cf8b13d6709,7f488173-cbd6-453c-be5b-a5ea08701dfa,52.76601791,-111.6243286,,Continue to Monitor,Corrosion Growth Rate,,,FALSE,TRUE,TRUE
PIPELINE,PIPELINES,ACTIVE PIPELINES,L0004,STROME - HARDISTY,L0004 03 ST-YP,STROME,HARDISTY,92.251,8/28/21 15:29,.85 IRF,FALSE,TRUE,TRUE,TRUE,-1.328,-1.069,3c08ecde-34dc-47f9-b591-0cf8b13d6709,2730ed55-4ce8-40c7-a717-e0e7125305c4,52.76601791,-111.6243286,,Continue to Monitor,Corrosion Growth Rate,,,FALSE,TRUE,TRUE
PIPELINE,PIPELINES,ACTIVE PIPELINES,L0004,STROME - HARDISTY,L0004 03 ST-YP,STROME,HARDISTY,92.251,7/26/19 17:21,.85 IRF,FALSE,TRUE,TRUE,TRUE,-1.385,-1.071,3c08ecde-34dc-47f9-b591-0cf8b13d6709,26b12c24-8baf-48bc-aee6-97492b5fc264,52.76601791,-111.6243286,,Continue to Monitor,Corrosion Growth Rate,,,FALSE,TRUE,TRUE
PIPELINE,PIPELINES,ACTIVE PIPELINES,L0004,STROME - HARDISTY,L0004 03 ST-YP,STROME,HARDISTY,92.251,7/26/21 14:06,.85 IRF,FALSE,FALSE,FALSE,,,,3c08ecde-34dc-47f9-b591-0cf8b13d6709,ee0447d9-4f6c-4222-a036-207ef0a4316c,52.76601791,-111.6243286,,Continue to Monitor,Corrosion Growth Rate,,,FALSE,TRUE,TRUE
PIPELINE,PIPELINES,ACTIVE PIPELINES,L0004,STROME - HARDISTY,L0004 03 ST-YP,STROME,HARDISTY,92.251,5/25/22 10:14,.85 IRF,FALSE,TRUE,TRUE,TRUE,-1.427,-1.15,fbf82da4-5f7c-4b64-980e-92f19c0132b9,febf09fc-d58c-487f-a1e6-323a5a500c17,,,,,,,,,TRUE,TRUE
PIPELINE,PIPELINES,ACTIVE PIPELINES,L0004,STROME - HARDISTY,L0004 03 ST-YP,STROME,HARDISTY,93.18,5/25/22 10:06,.85 IRF,FALSE,TRUE,TRUE,TRUE,-1.418,-1.135,855444ba-3888-4ee8-83ff-1f9de46a2bad,588951f2-29c2-4d84-ba49-068211f6fd74,52.75899124,-111.6001434,,Supplementary,,,,FALSE,TRUE,TRUE
PIPELINE,PIPELINES,ACTIVE PIPELINES,L0004,STROME - HARDISTY,L0004 03 ST-YP,STROME,HARDISTY,93.18,7/11/19 3:41,.85 IRF,FALSE,TRUE,TRUE,TRUE,-1.378,-1.079,855444ba-3888-4ee8-83ff-1f9de46a2bad,db52ad66-5dbe-469d-add0-0cbb7d409a0c,52.75899124,-111.6001434,,Supplementary,,,,FALSE,TRUE,TRUE
PIPELINE,PIPELINES,ACTIVE PIPELINES,L0004,STROME - HARDISTY,L0004 03 ST-YP,STROME,HARDISTY,93.18,8/28/21 15:40,.85 IRF,FALSE,TRUE,TRUE,TRUE,-1.31,-1.043,855444ba-3888-4ee8-83ff-1f9de46a2bad,d71a14d5-65bc-4fd5-bc3b-d1af8e9aac2d,52.75899124,-111.6001434,,Supplementary,,,,FALSE,TRUE,TRUE
PIPELINE,PIPELINES,ACTIVE PIPELINES,L0004,STROME - HARDISTY,L0004 03 ST-YP,STROME,HARDISTY,94.47,10/1/20 4:44,.85 IRF,FALSE,TRUE,TRUE,TRUE,-1.41,-1.087,8a1ce053-116b-4858-a967-5b47a976a9ab,fcbf97b4-416b-4c5d-8e06-cf2f4f2b3ad4,52.75081635,-111.5762558,,Supplementary,,,,FALSE,TRUE,TRUE
PIPELINE,PIPELINES,ACTIVE PIPELINES,L0004,STROME - HARDISTY,L0004 03 ST-YP,STROME,HARDISTY,94.47,5/25/22 9:53,.85 IRF,FALSE,TRUE,TRUE,TRUE,-1.423,-1.118,8a1ce053-116b-4858-a967-5b47a976a9ab,dfe5ba89-93a3-46cc-bad0-0dcf8cc48ed9,52.75081635,-111.5762558,,Supplementary,,,,FALSE,TRUE,TRUE
PIPELINE,PIPELINES,ACTIVE PIPELINES,L0004,STROME - HARDISTY,L0004 03 ST-YP,STROME,HARDISTY,94.47,8/28/21 16:00,.85 IRF,FALSE,TRUE,TRUE,TRUE,-1.328,-1.044,8a1ce053-116b-4858-a967-5b47a976a9ab,0ae87760-421a-4039-adde-22f1af2c92e6,52.75081635,-111.5762558,,Supplementary,,,,FALSE,TRUE,TRUE
PIPELINE,PIPELINES,ACTIVE PIPELINES,L0004,STROME - HARDISTY,L0004 03 ST-YP,STROME,HARDISTY,94.47,7/11/19 3:58,.85 IRF,FALSE,TRUE,TRUE,TRUE,-1.398,-1.091,8a1ce053-116b-4858-a967-5b47a976a9ab,21c65b17-77c4-46d3-9ebc-ee77865769cb,52.75081635,-111.5762558,,Supplementary,,,,FALSE,TRUE,TRUE
PIPELINE,PIPELINES,ACTIVE PIPELINES,L0004,STROME - HARDISTY,L0004 03 ST-YP,STROME,HARDISTY,94.5691,7/20/19 0:36,.85 IRF,FALSE,FALSE,FALSE,,,,8d06a9a4-6c05-47f7-a10e-a8f3549a34de,01812e41-5f3a-4117-b6ca-7b0512e247bd,52.75018311,-111.5747757,,Supplementary,,,,,TRUE,TRUE
PIPELINE,PIPELINES,ACTIVE PIPELINES,L0004,STROME - HARDISTY,L0004 03 ST-YP,STROME,HARDISTY,94.5691,8/28/21 15:55,.85 IRF,FALSE,FALSE,FALSE,,,,8d06a9a4-6c05-47f7-a10e-a8f3549a34de,187e9b9f-9521-421b-b932-e4da457cd40e,52.75018311,-111.5747757,,Supplementary,,,,,TRUE,TRUE
PIPELINE,PIPELINES,ACTIVE PIPELINES,L0004,STROME - HARDISTY,L0004 03 ST-YP,STROME,HARDISTY,94.5691,5/25/22 9:46,.85 IRF,FALSE,FALSE,FALSE,,,,8d06a9a4-6c05-47f7-a10e-a8f3549a34de,9897f20a-a2da-4205-8293-91921b7652f8,52.75018311,-111.5747757,,Supplementary,,,,,TRUE,TRUE
PIPELINE,PIPELINES,ACTIVE PIPELINES,L0004,STROME - HARDISTY,L0004 03 ST-YP,STROME,HARDISTY,94.596,10/1/20 4:54,.85 IRF,FALSE,FALSE,FALSE,,,,8bb39142-c2aa-4b3b-9067-1f7d72278afc,e167a1e4-71aa-4531-9ecb-a9cfd1590087,52.75020218,-111.574791,Adjecent Rectifier,Anchor,,,,,TRUE,TRUE
PIPELINE,PIPELINES,ACTIVE PIPELINES,L0004,STROME - HARDISTY,L0004 03 ST-YP,STROME,HARDISTY,94.596,7/20/19 0:34,.85 IRF,FALSE,FALSE,FALSE,,,,8bb39142-c2aa-4b3b-9067-1f7d72278afc,e6cd84f3-5ecb-4988-a090-39faef8ae0ac,52.75020218,-111.574791,Adjecent Rectifier,Anchor,,,,,TRUE,TRUE
PIPELINE,PIPELINES,ACTIVE PIPELINES,L0004,STROME - HARDISTY,L0004 03 ST-YP,STROME,HARDISTY,94.596,5/25/22 9:43,.85 IRF,FALSE,FALSE,FALSE,,,,8bb39142-c2aa-4b3b-9067-1f7d72278afc,c707d752-30f6-45e8-b9f6-43b37dd917bb,52.75020218,-111.574791,Adjecent Rectifier,Anchor,,,,,TRUE,TRUE
PIPELINE,PIPELINES,ACTIVE PIPELINES,L0004,STROME - HARDISTY,L0004 03 ST-YP,STROME,HARDISTY,94.596,8/28/21 15:56,.85 IRF,FALSE,FALSE,FALSE,,,,8bb39142-c2aa-4b3b-9067-1f7d72278afc,8a8f8a93-caee-4b36-8d31-73cc60d82447,52.75020218,-111.574791,Adjecent Rectifier,Anchor,,,,,TRUE,TRUE
PIPELINE,PIPELINES,ACTIVE PIPELINES,L0004,STROME - HARDISTY,L0004 03 ST-YP,STROME,HARDISTY,95.7002,5/25/22 9:18,.85 IRF,FALSE,FALSE,FALSE,,,,996f4ad3-0a4e-489c-897f-af747c347c53,24bdfb68-4186-4cab-a069-8bcf17d81fe6,52.74166107,-111.5528641,Adjecent Rectifier,Anchor,,,,,TRUE,TRUE
PIPELINE,PIPELINES,ACTIVE PIPELINES,L0004,STROME - HARDISTY,L0004 03 ST-YP,STROME,HARDISTY,95.7002,7/17/19 23:04,.85 IRF,FALSE,FALSE,FALSE,,,,996f4ad3-0a4e-489c-897f-af747c347c53,5572e7c1-320e-49a6-a687-cb60e4f173d4,52.74166107,-111.5528641,Adjecent Rectifier,Anchor,,,,,TRUE,TRUE
PIPELINE,PIPELINES,ACTIVE PIPELINES,L0004,STROME - HARDISTY,L0004 03 ST-YP,STROME,HARDISTY,95.7002,7/26/21 15:26,.85 IRF,FALSE,FALSE,FALSE,,,,996f4ad3-0a4e-489c-897f-af747c347c53,8add0719-f7b0-4537-8134-5a9166066c6f,52.74166107,-111.5528641,Adjecent Rectifier,Anchor,,,,,TRUE,TRUE
PIPELINE,PIPELINES,ACTIVE PIPELINES,L0004,STROME - HARDISTY,L0004 03 ST-YP,STROME,HARDISTY,95.7002,10/1/20 21:02,.85 IRF,FALSE,FALSE,FALSE,,,,996f4ad3-0a4e-489c-897f-af747c347c53,5a2ae514-6016-4725-bec4-952282bfa4dc,52.74166107,-111.5528641,Adjecent Rectifier,Anchor,,,,,TRUE,TRUE
PIPELINE,PIPELINES,ACTIVE PIPELINES,L0004,STROME - HARDISTY,L0004 03 ST-YP,STROME,HARDISTY,95.703,5/25/22 9:15,.85 IRF,FALSE,FALSE,FALSE,,,,d3b08aef-7a01-46c4-a570-a131feac1c62,a03c300e-1435-42d1-a04f-69f848ba6f9c,,,,,,,,,TRUE,TRUE
PIPELINE,PIPELINES,ACTIVE PIPELINES,L0004,STROME - HARDISTY,L0004 03 ST-YP,STROME,HARDISTY,95.703,7/26/21 15:34,.85 IRF,FALSE,FALSE,FALSE,,,,09024e1f-2aea-4a86-b5db-63388d7bb5de,1d80c8ec-b4b2-4ade-893c-61ecf501f598,52.74175644,-111.5527954,,Continue to Monitor,Cased crossing,,,TRUE,TRUE,TRUE
PIPELINE,PIPELINES,ACTIVE PIPELINES,L0004,STROME - HARDISTY,L0004 03 ST-YP,STROME,HARDISTY,95.703,10/1/20 21:04,.85 IRF,FALSE,FALSE,FALSE,,,,09024e1f-2aea-4a86-b5db-63388d7bb5de,fc1ef752-2ad1-4d21-b190-fa4fe2f58660,52.74175644,-111.5527954,,Continue to Monitor,Cased crossing,,,TRUE,TRUE,TRUE
PIPELINE,PIPELINES,ACTIVE PIPELINES,L0004,STROME - HARDISTY,L0004 03 ST-YP,STROME,HARDISTY,95.703,5/25/22 9:15,.85 IRF,FALSE,FALSE,FALSE,,,,09024e1f-2aea-4a86-b5db-63388d7bb5de,883ecb9f-7712-46d5-a939-e005683e02a6,52.74175644,-111.5527954,,Continue to Monitor,Cased crossing,,,TRUE,TRUE,TRUE
PIPELINE,PIPELINES,ACTIVE PIPELINES,L0004,STROME - HARDISTY,L0004 03 ST-YP,STROME,HARDISTY,95.703,7/17/19 23:15,.85 IRF,FALSE,FALSE,FALSE,,,,09024e1f-2aea-4a86-b5db-63388d7bb5de,cb0a5cd3-15be-46b5-ae7d-c2dd4a579f33,52.74175644,-111.5527954,,Continue to Monitor,Cased crossing,,,TRUE,TRUE,TRUE
PIPELINE,PIPELINES,ACTIVE PIPELINES,L0004,STROME - HARDISTY,L0004 03 ST-YP,STROME,HARDISTY,95.733,7/26/21 14:46,.85 IRF,FALSE,TRUE,TRUE,TRUE,-1.564,-0.993,686169dc-da58-48ff-b44c-260803c788ea,d4febc8c-42ea-477d-a11d-e3248dab87e9,52.74135208,-111.5517731,,Continue to Monitor,Corrosion Growth Rate,,,TRUE,TRUE,TRUE
PIPELINE,PIPELINES,ACTIVE PIPELINES,L0004,STROME - HARDISTY,L0004 03 ST-YP,STROME,HARDISTY,95.733,7/18/19 1:17,.85 IRF,FALSE,TRUE,TRUE,TRUE,-1.716,-1.058,686169dc-da58-48ff-b44c-260803c788ea,15e98149-489b-4b3b-98f4-111d62fffdfb,52.74135208,-111.5517731,,Continue to Monitor,Corrosion Growth Rate,,,TRUE,TRUE,TRUE
PIPELINE,PIPELINES,ACTIVE PIPELINES,L0004,STROME - HARDISTY,L0004 03 ST-YP,STROME,HARDISTY,95.733,5/25/22 9:22,.85 IRF,FALSE,FALSE,FALSE,,,,686169dc-da58-48ff-b44c-260803c788ea,7ace4d78-f1ce-4b49-b3e0-765a4304403b,52.74135208,-111.5517731,,Continue to Monitor,Corrosion Growth Rate,,,TRUE,TRUE,TRUE
PIPELINE,PIPELINES,ACTIVE PIPELINES,L0004,STROME - HARDISTY,L0004 03 ST-YP,STROME,HARDISTY,95.733,10/1/20 21:19,.85 IRF,FALSE,FALSE,FALSE,,,,686169dc-da58-48ff-b44c-260803c788ea,16b0ae22-20b9-4583-a233-3bc5212cc5df,52.74135208,-111.5517731,,Continue to Monitor,Corrosion Growth Rate,,,TRUE,TRUE,TRUE
PIPELINE,PIPELINES,ACTIVE PIPELINES,L0004,STROME - HARDISTY,L0004 03 ST-YP,STROME,HARDISTY,96.95,10/1/20 21:49,.85 IRF,FALSE,TRUE,TRUE,TRUE,-1.366,-1.108,d64b9c3d-72af-4024-bccc-4cf480928715,0add619d-8a3a-4ec3-994b-27cb41782b01,52.73226166,-111.5275345,,Supplementary,,,,FALSE,TRUE,TRUE
PIPELINE,PIPELINES,ACTIVE PIPELINES,L0004,STROME - HARDISTY,L0004 03 ST-YP,STROME,HARDISTY,96.95,7/27/21 7:28,.85 IRF,FALSE,TRUE,TRUE,TRUE,-1.322,-0.988,d64b9c3d-72af-4024-bccc-4cf480928715,95b38610-1de4-408c-8e3a-4e673476b9f5,52.73226166,-111.5275345,,Supplementary,,,,FALSE,TRUE,TRUE
PIPELINE,PIPELINES,ACTIVE PIPELINES,L0004,STROME - HARDISTY,L0004 03 ST-YP,STROME,HARDISTY,96.95,5/25/22 8:29,.85 IRF,FALSE,TRUE,TRUE,TRUE,-1.44,-1.149,d64b9c3d-72af-4024-bccc-4cf480928715,032a9710-eb02-40a4-8872-e9c0970e6e9f,52.73226166,-111.5275345,,Supplementary,,,,FALSE,TRUE,TRUE
PIPELINE,PIPELINES,ACTIVE PIPELINES,L0004,STROME - HARDISTY,L0004 03 ST-YP,STROME,HARDISTY,96.95,7/18/19 2:08,.85 IRF,FALSE,TRUE,TRUE,TRUE,-1.368,-1.111,d64b9c3d-72af-4024-bccc-4cf480928715,2a70070f-1099-43c0-8c18-20a804771e3c,52.73226166,-111.5275345,,Supplementary,,,,FALSE,TRUE,TRUE
PIPELINE,PIPELINES,ACTIVE PIPELINES,L0004,STROME - HARDISTY,L0004 03 ST-YP,STROME,HARDISTY,97.004,10/1/20 21:47,.85 IRF,FALSE,TRUE,TRUE,TRUE,-1.245,-0.997,7c1bbd9a-0496-488e-a38d-74b6c386c18e,8061bce3-5532-4662-8ad5-b80decd49b19,52.73197174,-111.5268707,,Supplementary,,,,,TRUE,TRUE
PIPELINE,PIPELINES,ACTIVE PIPELINES,L0004,STROME - HARDISTY,L0004 03 ST-YP,STROME,HARDISTY,97.004,7/18/19 2:24,.85 IRF,FALSE,TRUE,TRUE,TRUE,-1.365,-1.059,7c1bbd9a-0496-488e-a38d-74b6c386c18e,c2b933a3-ec37-4f14-b4c9-f2dbdd767f62,52.73197174,-111.5268707,,Supplementary,,,,,TRUE,TRUE
PIPELINE,PIPELINES,ACTIVE PIPELINES,L0004,STROME - HARDISTY,L0004 03 ST-YP,STROME,HARDISTY,97.004,7/27/21 7:52,.85 IRF,FALSE,TRUE,TRUE,TRUE,-1.329,-0.992,7c1bbd9a-0496-488e-a38d-74b6c386c18e,872ec52e-265b-4918-9338-618f9ef394cb,52.73197174,-111.5268707,,Supplementary,,,,,TRUE,TRUE
PIPELINE,PIPELINES,ACTIVE PIPELINES,L0004,STROME - HARDISTY,L0004 03 ST-YP,STROME,HARDISTY,97.004,5/25/22 8:24,.85 IRF,FALSE,TRUE,TRUE,TRUE,-1.436,-1.111,7c1bbd9a-0496-488e-a38d-74b6c386c18e,5a8a2a2f-1698-426a-beef-b6a0d2da4f64,52.73197174,-111.5268707,,Supplementary,,,,,TRUE,TRUE
PIPELINE,PIPELINES,ACTIVE PIPELINES,L0004,STROME - HARDISTY,L0004 03 ST-YP,STROME,HARDISTY,97.9,7/27/21 8:15,.85 IRF,FALSE,TRUE,TRUE,TRUE,-1.553,-0.927,75b0f85a-a561-4c7f-98af-12eb03488e13,60a005b8-bc41-472f-98e3-4334a154baf0,52.72555542,-111.5036774,,Continue to Monitor,Corrosion Growth Rate,,,,TRUE,TRUE
PIPELINE,PIPELINES,ACTIVE PIPELINES,L0004,STROME - HARDISTY,L0004 03 ST-YP,STROME,HARDISTY,97.9,7/20/19 0:30,.85 IRF,FALSE,TRUE,TRUE,TRUE,-1.678,-1.182,75b0f85a-a561-4c7f-98af-12eb03488e13,69ce4728-0e49-4cea-9a54-433954e6e34a,52.72555542,-111.5036774,,Continue to Monitor,Corrosion Growth Rate,,,,TRUE,TRUE
PIPELINE,PIPELINES,ACTIVE PIPELINES,L0004,STROME - HARDISTY,L0004 03 ST-YP,STROME,HARDISTY,97.9,5/25/22 8:16,.85 IRF,FALSE,TRUE,TRUE,TRUE,-1.689,-1.694,75b0f85a-a561-4c7f-98af-12eb03488e13,b67a7ab6-b64f-4827-a6f9-b519a4ae6de9,52.72555542,-111.5036774,,Continue to Monitor,Corrosion Growth Rate,,,,TRUE,TRUE
PIPELINE,PIPELINES,ACTIVE PIPELINES,L0004,STROME - HARDISTY,L0004 03 ST-YP,STROME,HARDISTY,97.9,10/1/20 22:00,.85 IRF,FALSE,TRUE,TRUE,TRUE,-1.76,-1.497,75b0f85a-a561-4c7f-98af-12eb03488e13,405ab7cc-fd1b-4c9e-b7d0-77c7d497d30a,52.72555542,-111.5036774,,Continue to Monitor,Corrosion Growth Rate,,,,TRUE,TRUE
PIPELINE,PIPELINES,ACTIVE PIPELINES,L0004,STROME - HARDISTY,L0004 03 ST-YP,STROME,HARDISTY,98.0331,7/18/19 4:21,.85 IRF,FALSE,TRUE,TRUE,TRUE,-1.256,-1.022,023ba4cd-3c4c-426a-9fd1-51ad8ee262b6,7defbdb5-703c-4e70-a2d3-f5d7b3f712c9,52.72383881,-111.5033951,,Continue to Monitor,Sensitive Area,,,TRUE,TRUE,TRUE
PIPELINE,PIPELINES,ACTIVE PIPELINES,L0004,STROME - HARDISTY,L0004 03 ST-YP,STROME,HARDISTY,98.0331,7/27/21 8:35,.85 IRF,FALSE,TRUE,TRUE,TRUE,-1.195,-0.922,023ba4cd-3c4c-426a-9fd1-51ad8ee262b6,49127ab0-e798-48d3-9845-836ffb6cb439,52.72383881,-111.5033951,,Continue to Monitor,Sensitive Area,,,TRUE,TRUE,TRUE
PIPELINE,PIPELINES,ACTIVE PIPELINES,L0004,STROME - HARDISTY,L0004 03 ST-YP,STROME,HARDISTY,98.0331,5/25/22 7:54,.85 IRF,FALSE,TRUE,TRUE,TRUE,-1.259,-1.064,023ba4cd-3c4c-426a-9fd1-51ad8ee262b6,af94ac99-2699-4235-a454-e165c36ff259,52.72383881,-111.5033951,,Continue to Monitor,Sensitive Area,,,TRUE,TRUE,TRUE
PIPELINE,PIPELINES,ACTIVE PIPELINES,L0004,STROME - HARDISTY,L0004 03 ST-YP,STROME,HARDISTY,98.0331,5/25/22 7:54,.85 IRF,FALSE,TRUE,TRUE,TRUE,-1.259,-1.064,519b3bd3-e59e-4b92-8bec-47f956d2d852,f2971f7f-b913-487e-b81f-32f6e9ab410e,,,,,,,,,TRUE,TRUE
PIPELINE,PIPELINES,ACTIVE PIPELINES,L0004,STROME - HARDISTY,L0004 03 ST-YP,STROME,HARDISTY,98.0331,10/1/20 22:14,.85 IRF,FALSE,TRUE,TRUE,TRUE,-1.263,-1.078,023ba4cd-3c4c-426a-9fd1-51ad8ee262b6,6a8436ec-5f45-4ad5-a895-8426ec51d9e1,52.72383881,-111.5033951,,Continue to Monitor,Sensitive Area,,,TRUE,TRUE,TRUE
PIPELINE,PIPELINES,ACTIVE PIPELINES,L0004,STROME - HARDISTY,L0004 03 ST-YP,STROME,HARDISTY,98.267,5/24/22 17:19,.85 IRF,FALSE,TRUE,TRUE,TRUE,-1.127,-0.996,7155f324-3c21-4464-a01e-180d984b09fc,41abad52-69bb-42a6-bd76-59698aea227d,52.72273254,-111.5006409,,Continue to Monitor,Corrosion Growth Rate,,,,TRUE,TRUE
PIPELINE,PIPELINES,ACTIVE PIPELINES,L0004,STROME - HARDISTY,L0004 03 ST-YP,STROME,HARDISTY,98.267,7/27/21 10:34,.85 IRF,FALSE,TRUE,TRUE,TRUE,-1.004,-0.85,7155f324-3c21-4464-a01e-180d984b09fc,eed9c1d9-993e-4825-a56d-22071f878ca0,52.72273254,-111.5006409,,Continue to Monitor,Corrosion Growth Rate,,,,TRUE,TRUE
PIPELINE,PIPELINES,ACTIVE PIPELINES,L0004,STROME - HARDISTY,L0004 03 ST-YP,STROME,HARDISTY,98.267,7/20/19 16:50,.85 IRF,FALSE,TRUE,TRUE,TRUE,-1.036,-0.911,7155f324-3c21-4464-a01e-180d984b09fc,755909f0-bf7d-4cb9-823e-9857fb477b8d,52.72273254,-111.5006409,,Continue to Monitor,Corrosion Growth Rate,,,,TRUE,TRUE
PIPELINE,PIPELINES,ACTIVE PIPELINES,L0004,STROME - HARDISTY,L0004 03 ST-YP,STROME,HARDISTY,98.267,10/1/20 22:35,.85 IRF,FALSE,TRUE,TRUE,TRUE,-1.184,-1.014,7155f324-3c21-4464-a01e-180d984b09fc,caf65728-3753-4bdd-884f-d5ca50547876,52.72273254,-111.5006409,,Continue to Monitor,Corrosion Growth Rate,,,,TRUE,TRUE
PIPELINE,PIPELINES,ACTIVE PIPELINES,L0004,STROME - HARDISTY,L0004 03 ST-YP,STROME,HARDISTY,98.267,5/24/22 17:19,.85 IRF,FALSE,TRUE,TRUE,TRUE,-1.218,-1.044,476aaa3a-91ee-4e22-952c-6819dbf5955c,8bde285b-55e7-4074-961d-ea415a486110,52.72274017,-111.5006256,,Supplementary,,,,,TRUE,TRUE
PIPELINE,PIPELINES,ACTIVE PIPELINES,L0004,STROME - HARDISTY,L0004 03 ST-YP,STROME,HARDISTY,98.267,7/20/19 16:52,.85 IRF,FALSE,TRUE,TRUE,TRUE,-1.122,-0.892,476aaa3a-91ee-4e22-952c-6819dbf5955c,88dd2d47-c5fc-458d-a323-782c155eaa56,52.72274017,-111.5006256,,Supplementary,,,,,TRUE,TRUE
PIPELINE,PIPELINES,ACTIVE PIPELINES,L0004,STROME - HARDISTY,L0004 03 ST-YP,STROME,HARDISTY,98.267,7/27/21 10:35,.85 IRF,FALSE,TRUE,TRUE,TRUE,-1.094,-0.885,476aaa3a-91ee-4e22-952c-6819dbf5955c,604c0427-e87e-470f-a84a-9b94d8273d66,52.72274017,-111.5006256,,Supplementary,,,,,TRUE,TRUE
PIPELINE,PIPELINES,ACTIVE PIPELINES,L0004,STROME - HARDISTY,L0004 03 ST-YP,STROME,HARDISTY,98.267,7/20/19 16:55,.85 IRF,FALSE,TRUE,TRUE,TRUE,-1.236,-1.021,217ac761-0aeb-487d-8ff5-36d44c0a827a,03cc8711-b1e0-42c4-aa0a-f6754df34786,52.7227211,-111.5006409,,Supplementary,,,,,TRUE,TRUE
PIPELINE,PIPELINES,ACTIVE PIPELINES,L0004,STROME - HARDISTY,L0004 03 ST-YP,STROME,HARDISTY,98.267,7/27/21 10:36,.85 IRF,FALSE,TRUE,TRUE,TRUE,-1.217,-0.955,217ac761-0aeb-487d-8ff5-36d44c0a827a,bd3393d4-36ba-458a-8412-49ccaa3c1a7a,52.7227211,-111.5006409,,Supplementary,,,,,TRUE,TRUE
PIPELINE,PIPELINES,ACTIVE PIPELINES,L0004,STROME - HARDISTY,L0004 03 ST-YP,STROME,HARDISTY,98.267,5/24/22 17:16,.85 IRF,FALSE,FALSE,FALSE,FALSE,-0.684,-0.532,217ac761-0aeb-487d-8ff5-36d44c0a827a,fedb410b-0bd1-4f3d-b45a-c2621316890b,52.7227211,-111.5006409,,Supplementary,,,,,TRUE,TRUE
PIPELINE,PIPELINES,ACTIVE PIPELINES,L0004,STROME - HARDISTY,L0004 03 ST-YP,STROME,HARDISTY,98.267,7/27/21 10:38,.85 IRF,FALSE,FALSE,FALSE,FALSE,-0.989,-0.83,3c74f383-c7c6-4078-b804-e8d77cfbf8d3,dddd1e49-9358-4c39-9fd8-fe57bd458dca,52.72273254,-111.5006332,,Supplementary,,,,,TRUE,TRUE
PIPELINE,PIPELINES,ACTIVE PIPELINES,L0004,STROME - HARDISTY,L0004 03 ST-YP,STROME,HARDISTY,98.267,7/20/19 16:59,.85 IRF,FALSE,TRUE,TRUE,TRUE,-0.938,-0.885,3c74f383-c7c6-4078-b804-e8d77cfbf8d3,ab954cd0-36c7-45ee-ab89-595584d61515,52.72273254,-111.5006332,,Supplementary,,,,,TRUE,TRUE
PIPELINE,PIPELINES,ACTIVE PIPELINES,L0004,STROME - HARDISTY,L0004 03 ST-YP,STROME,HARDISTY,98.267,5/24/22 17:16,.85 IRF,FALSE,TRUE,TRUE,TRUE,-1.227,-1.274,3c74f383-c7c6-4078-b804-e8d77cfbf8d3,bf8b713e-5cc0-4af7-a372-7603a738c179,52.72273254,-111.5006332,,Supplementary,,,,,TRUE,TRUE
PIPELINE,PIPELINES,ACTIVE PIPELINES,L0004,STROME - HARDISTY,L0004 03 ST-YP,STROME,HARDISTY,98.267,7/20/19 17:04,.85 IRF,FALSE,TRUE,TRUE,TRUE,-1.342,-1.042,c7a24b87-7248-420c-b437-d21f123453a2,360cb689-931b-487f-8088-e0ef08a23a59,52.72273254,-111.5006332,,Supplementary,,,,,TRUE,TRUE
PIPELINE,PIPELINES,ACTIVE PIPELINES,L0004,STROME - HARDISTY,L0004 03 ST-YP,STROME,HARDISTY,98.267,7/27/21 10:40,.85 IRF,FALSE,FALSE,FALSE,FALSE,-0.991,-0.76,c7a24b87-7248-420c-b437-d21f123453a2,6d4f022c-b1dd-439c-b9bc-0567936dac1e,52.72273254,-111.5006332,,Supplementary,,,,,TRUE,TRUE
PIPELINE,PIPELINES,ACTIVE PIPELINES,L0004,STROME - HARDISTY,L0004 03 ST-YP,STROME,HARDISTY,98.267,5/24/22 17:21,.85 IRF,FALSE,FALSE,FALSE,FALSE,-0.947,-0.762,c7a24b87-7248-420c-b437-d21f123453a2,c4f895c7-1fb8-40e6-a5bc-8ca2a9b65f63,52.72273254,-111.5006332,,Supplementary,,,,,TRUE,TRUE
PIPELINE,PIPELINES,ACTIVE PIPELINES,L0004,STROME - HARDISTY,L0004 03 ST-YP,STROME,HARDISTY,98.272,7/20/19 17:11,.85 IRF,FALSE,FALSE,FALSE,FALSE,-0.504,-0.435,03f10899-7eb1-4589-b64d-f19d23533f18,c8b4a845-d7bf-47eb-af06-b800d944eda9,52.72268677,-111.5005035,,Continue to Monitor,CP Sub-criterion,,,,TRUE,TRUE
PIPELINE,PIPELINES,ACTIVE PIPELINES,L0004,STROME - HARDISTY,L0004 03 ST-YP,STROME,HARDISTY,98.272,5/24/22 17:24,.85 IRF,FALSE,FALSE,FALSE,FALSE,-0.261,-0.321,03f10899-7eb1-4589-b64d-f19d23533f18,69200cf4-4ede-4a3b-9a9c-35401a91e98c,52.72268677,-111.5005035,,Continue to Monitor,CP Sub-criterion,,,,TRUE,TRUE
PIPELINE,PIPELINES,ACTIVE PIPELINES,L0004,STROME - HARDISTY,L0004 03 ST-YP,STROME,HARDISTY,98.272,10/1/20 22:32,.85 IRF,FALSE,FALSE,FALSE,FALSE,-0.301,-0.367,03f10899-7eb1-4589-b64d-f19d23533f18,9da45f35-4eea-484c-b56c-57aedc966eb9,52.72268677,-111.5005035,,Continue to Monitor,CP Sub-criterion,,,,TRUE,TRUE
PIPELINE,PIPELINES,ACTIVE PIPELINES,L0004,STROME - HARDISTY,L0004 03 ST-YP,STROME,HARDISTY,98.272,7/27/21 10:22,.85 IRF,FALSE,FALSE,FALSE,FALSE,-0.381,-0.357,03f10899-7eb1-4589-b64d-f19d23533f18,88359dfb-634c-443e-b7ea-33a6fb3fa61a,52.72268677,-111.5005035,,Continue to Monitor,CP Sub-criterion,,,,TRUE,TRUE
PIPELINE,PIPELINES,ACTIVE PIPELINES,L0004,STROME - HARDISTY,L0004 03 ST-YP,STROME,HARDISTY,98.272,5/24/22 17:13,.85 IRF,FALSE,TRUE,TRUE,TRUE,-1.073,-0.97,08a627b2-ad7d-4d04-9b25-85b4ecc1b678,ce04dbbb-2f0f-44d7-bf5b-d3256a61cd75,52.72268295,-111.5005035,,Supplementary,,,,,TRUE,TRUE
PIPELINE,PIPELINES,ACTIVE PIPELINES,L0004,STROME - HARDISTY,L0004 03 ST-YP,STROME,HARDISTY,98.272,7/27/21 10:23,.85 IRF,FALSE,FALSE,FALSE,FALSE,-0.948,-0.814,08a627b2-ad7d-4d04-9b25-85b4ecc1b678,321b36c8-8f85-4394-abdc-e7e185ae4671,52.72268295,-111.5005035,,Supplementary,,,,,TRUE,TRUE
PIPELINE,PIPELINES,ACTIVE PIPELINES,L0004,STROME - HARDISTY,L0004 03 ST-YP,STROME,HARDISTY,98.272,7/20/19 17:14,.85 IRF,FALSE,TRUE,TRUE,TRUE,-0.982,-0.879,08a627b2-ad7d-4d04-9b25-85b4ecc1b678,a9917625-23f1-4a92-b98b-1f1c2c7d0553,52.72268295,-111.5005035,,Supplementary,,,,,TRUE,TRUE
PIPELINE,PIPELINES,ACTIVE PIPELINES,L0004,STROME - HARDISTY,L0004 03 ST-YP,STROME,HARDISTY,98.272,7/27/21 10:24,.85 IRF,FALSE,TRUE,TRUE,TRUE,-1.162,-0.927,ea957f98-b70d-4276-bfad-788987d112cf,6662b3e5-5b7d-4309-a1aa-212d2b5d4b57,52.72268295,-111.5005035,,Supplementary,,,,,TRUE,TRUE
PIPELINE,PIPELINES,ACTIVE PIPELINES,L0004,STROME - HARDISTY,L0004 03 ST-YP,STROME,HARDISTY,98.272,7/20/19 17:17,.85 IRF,FALSE,TRUE,TRUE,TRUE,-1.188,-0.987,ea957f98-b70d-4276-bfad-788987d112cf,dafbd6e7-6c0a-4d48-9181-635e6c11322a,52.72268295,-111.5005035,,Supplementary,,,,,TRUE,TRUE
PIPELINE,PIPELINES,ACTIVE PIPELINES,L0004,STROME - HARDISTY,L0004 03 ST-YP,STROME,HARDISTY,98.272,5/24/22 17:12,.85 IRF,FALSE,TRUE,TRUE,TRUE,-1.279,-1.073,ea957f98-b70d-4276-bfad-788987d112cf,d25a5f7c-590a-440c-9a93-b165075b3f0c,52.72268295,-111.5005035,,Supplementary,,,,,TRUE,TRUE
PIPELINE,PIPELINES,ACTIVE PIPELINES,L0004,STROME - HARDISTY,L0004 03 ST-YP,STROME,HARDISTY,98.272,7/27/21 10:25,.85 IRF,FALSE,FALSE,FALSE,FALSE,-0.702,-0.523,08eead2a-d66b-4779-a754-7f2224e0e29a,38b41d6f-4e8c-4df0-b3bc-86347e1d5324,52.72268295,-111.5005035,,Continue to Monitor,CP Sub-criterion,,,,TRUE,TRUE
PIPELINE,PIPELINES,ACTIVE PIPELINES,L0004,STROME - HARDISTY,L0004 03 ST-YP,STROME,HARDISTY,98.272,7/30/19 8:25,.85 IRF,FALSE,FALSE,FALSE,FALSE,-0.868,-0.72,08eead2a-d66b-4779-a754-7f2224e0e29a,d0a00fba-44c5-4549-af15-da77ef94e128,52.72268295,-111.5005035,,Continue to Monitor,CP Sub-criterion,,,,TRUE,TRUE
PIPELINE,PIPELINES,ACTIVE PIPELINES,L0004,STROME - HARDISTY,L0004 03 ST-YP,STROME,HARDISTY,98.272,10/1/20 22:31,.85 IRF,FALSE,FALSE,FALSE,FALSE,-0.558,-0.45,08eead2a-d66b-4779-a754-7f2224e0e29a,8241a8ac-a043-4ebb-9285-085678f8a5c4,52.72268295,-111.5005035,,Continue to Monitor,CP Sub-criterion,,,,TRUE,TRUE
PIPELINE,PIPELINES,ACTIVE PIPELINES,L0004,STROME - HARDISTY,L0004 03 ST-YP,STROME,HARDISTY,98.272,5/24/22 17:13,.85 IRF,FALSE,FALSE,FALSE,FALSE,-0.671,-0.518,08eead2a-d66b-4779-a754-7f2224e0e29a,1bc35a72-8b1d-4e4e-b74e-0305eb28e511,52.72268295,-111.5005035,,Continue to Monitor,CP Sub-criterion,,,,TRUE,TRUE
PIPELINE,PIPELINES,ACTIVE PIPELINES,L0004,STROME - HARDISTY,L0004 03 ST-YP,STROME,HARDISTY,98.272,5/24/22 17:27,.85 IRF,FALSE,FALSE,FALSE,FALSE,-0.227,-0.292,06eaae53-6a69-4ee3-93b9-52a891d866dd,cc500198-4b71-47b6-bcaa-60dba3bbc29f,52.72266388,-111.5004959,,Continue to Monitor,CP Sub-criterion,,,,TRUE,TRUE
PIPELINE,PIPELINES,ACTIVE PIPELINES,L0004,STROME - HARDISTY,L0004 03 ST-YP,STROME,HARDISTY,98.272,10/1/20 22:27,.85 IRF,FALSE,FALSE,FALSE,FALSE,-0.273,-0.346,06eaae53-6a69-4ee3-93b9-52a891d866dd,e2b751fc-7879-4b95-87f9-b05e9cfd159c,52.72266388,-111.5004959,,Continue to Monitor,CP Sub-criterion,,,,TRUE,TRUE
PIPELINE,PIPELINES,ACTIVE PIPELINES,L0004,STROME - HARDISTY,L0004 03 ST-YP,STROME,HARDISTY,98.272,7/27/21 10:26,.85 IRF,FALSE,FALSE,FALSE,FALSE,-0.381,-0.201,06eaae53-6a69-4ee3-93b9-52a891d866dd,7ec031ed-2d22-4d78-a477-1c61999eb9ef,52.72266388,-111.5004959,,Continue to Monitor,CP Sub-criterion,,,,TRUE,TRUE
PIPELINE,PIPELINES,ACTIVE PIPELINES,L0004,STROME - HARDISTY,L0004 03 ST-YP,STROME,HARDISTY,98.272,7/20/19 17:31,.85 IRF,FALSE,FALSE,FALSE,FALSE,-0.494,-0.417,06eaae53-6a69-4ee3-93b9-52a891d866dd,cfde2f4a-97e0-4d98-8254-89ecb1bd6755,52.72266388,-111.5004959,,Continue to Monitor,CP Sub-criterion,,,,TRUE,TRUE
PIPELINE,PIPELINES,ACTIVE PIPELINES,L0004,STROME - HARDISTY,L0004 03 ST-YP,STROME,HARDISTY,99.287,5/31/22 13:42,.85 IRF,FALSE,TRUE,TRUE,TRUE,-1.343,-1.136,34eb3182-bab6-4cb8-aaf2-84b2ea75c00e,f41d6e61-b38e-403d-9300-a28615413a0a,52.71552277,-111.4795075,,Continue to Monitor,Corrosion Growth Rate,,,FALSE,TRUE,TRUE
PIPELINE,PIPELINES,ACTIVE PIPELINES,L0004,STROME - HARDISTY,L0004 03 ST-YP,STROME,HARDISTY,99.287,7/30/19 10:32,.85 IRF,FALSE,TRUE,TRUE,TRUE,-1.425,-1.16,34eb3182-bab6-4cb8-aaf2-84b2ea75c00e,0a100715-e943-444c-831f-374052154ff5,52.71552277,-111.4795075,,Continue to Monitor,Corrosion Growth Rate,,,FALSE,TRUE,TRUE
PIPELINE,PIPELINES,ACTIVE PIPELINES,L0004,STROME - HARDISTY,L0004 03 ST-YP,STROME,HARDISTY,99.287,9/28/21 12:15,.85 IRF,FALSE,FALSE,FALSE,,,,34eb3182-bab6-4cb8-aaf2-84b2ea75c00e,8b6bb218-b7bf-42e8-b04d-dec0835b47e0,52.71552277,-111.4795075,,Continue to Monitor,Corrosion Growth Rate,,,FALSE,TRUE,TRUE
PIPELINE,PIPELINES,ACTIVE PIPELINES,L0004,STROME - HARDISTY,L0004 03 ST-YP,STROME,HARDISTY,99.287,10/1/20 22:50,.85 IRF,FALSE,TRUE,TRUE,TRUE,-1.398,-1.193,34eb3182-bab6-4cb8-aaf2-84b2ea75c00e,e0197624-9e5d-46e3-96a6-bbf055a248cc,52.71552277,-111.4795075,,Continue to Monitor,Corrosion Growth Rate,,,FALSE,TRUE,TRUE
PIPELINE,PIPELINES,ACTIVE PIPELINES,L0004,STROME - HARDISTY,L0004 03 ST-YP,STROME,HARDISTY,99.287,10/1/20 22:53,.85 IRF,FALSE,TRUE,TRUE,TRUE,-1.367,-1.169,34eb3182-bab6-4cb8-aaf2-84b2ea75c00e,9be54391-9c15-4c8a-a3d0-d48788918b23,52.71552277,-111.4795075,,Continue to Monitor,Corrosion Growth Rate,,,FALSE,TRUE,TRUE
PIPELINE,PIPELINES,ACTIVE PIPELINES,L0004,STROME - HARDISTY,L0004 03 ST-YP,STROME,HARDISTY,100.4321,10/1/20 19:22,.85 IRF,FALSE,TRUE,TRUE,TRUE,-1.287,-1.166,4c4af274-ded3-454c-b945-39e599b73737,7eb9c2e5-4960-4be0-9d01-9c6972b37ddd,52.70681,-111.4562683,,Continue to Monitor,Sensitive Area,,,TRUE,TRUE,TRUE
PIPELINE,PIPELINES,ACTIVE PIPELINES,L0004,STROME - HARDISTY,L0004 03 ST-YP,STROME,HARDISTY,100.4321,9/28/21 12:15,.85 IRF,FALSE,FALSE,FALSE,,,,4c4af274-ded3-454c-b945-39e599b73737,7fc4d5da-f143-4ff0-b86d-3f3b70b5db9d,52.70681,-111.4562683,,Continue to Monitor,Sensitive Area,,,TRUE,TRUE,TRUE
PIPELINE,PIPELINES,ACTIVE PIPELINES,L0004,STROME - HARDISTY,L0004 03 ST-YP,STROME,HARDISTY,100.4321,9/28/21 12:15,.85 IRF,FALSE,FALSE,FALSE,,,,25df405b-449f-4f9e-ac31-97e425f1ef0d,44eaa437-583d-46f8-9a18-dbf8eb23f1fc,52.70682144,-111.4559631,,Continue to Monitor,Corrosion Growth Rate,,,TRUE,TRUE,TRUE
PIPELINE,PIPELINES,ACTIVE PIPELINES,L0004,STROME - HARDISTY,L0004 03 ST-YP,STROME,HARDISTY,100.4321,7/20/19 17:54,.85 IRF,FALSE,TRUE,TRUE,TRUE,-1.213,-1.071,25df405b-449f-4f9e-ac31-97e425f1ef0d,0e38a9e4-4fbd-45b2-9f0f-bd9dd30b3aa7,52.70682144,-111.4559631,,Continue to Monitor,Corrosion Growth Rate,,,TRUE,TRUE,TRUE
PIPELINE,PIPELINES,ACTIVE PIPELINES,L0004,STROME - HARDISTY,L0004 03 ST-YP,STROME,HARDISTY,100.4321,5/31/22 13:26,.85 IRF,FALSE,TRUE,TRUE,TRUE,-1.205,-1.124,25df405b-449f-4f9e-ac31-97e425f1ef0d,f53efcc1-14cb-418f-a973-81931c051834,52.70682144,-111.4559631,,Continue to Monitor,Corrosion Growth Rate,,,TRUE,TRUE,TRUE
PIPELINE,PIPELINES,ACTIVE PIPELINES,L0004,STROME - HARDISTY,L0004 03 ST-YP,STROME,HARDISTY,100.4321,7/20/19 17:57,.85 IRF,FALSE,TRUE,TRUE,TRUE,-1.258,-1.013,4c4af274-ded3-454c-b945-39e599b73737,3b6c546a-8003-4a58-99bb-a3e05d1ebe54,52.70681,-111.4562683,,Continue to Monitor,Sensitive Area,,,TRUE,TRUE,TRUE
PIPELINE,PIPELINES,ACTIVE PIPELINES,L0004,STROME - HARDISTY,L0004 03 ST-YP,STROME,HARDISTY,100.4321,5/31/22 13:25,.85 IRF,FALSE,TRUE,TRUE,TRUE,-1.346,-1.327,25df405b-449f-4f9e-ac31-97e425f1ef0d,07b57efd-d8ca-42fc-bf31-61cd75f92f69,52.70682144,-111.4559631,,Continue to Monitor,Corrosion Growth Rate,,,TRUE,TRUE,TRUE
PIPELINE,PIPELINES,ACTIVE PIPELINES,L0004,STROME - HARDISTY,L0004 03 ST-YP,STROME,HARDISTY,100.4321,5/31/22 13:26,.85 IRF,FALSE,TRUE,TRUE,TRUE,-1.205,-1.124,4c4af274-ded3-454c-b945-39e599b73737,d6f5a6d0-115f-4d86-92d7-1e69880c9839,52.70681,-111.4562683,,Continue to Monitor,Sensitive Area,,,TRUE,TRUE,TRUE
PIPELINE,PIPELINES,ACTIVE PIPELINES,L0004,STROME - HARDISTY,L0004 03 ST-YP,STROME,HARDISTY,100.4321,10/1/20 19:24,.85 IRF,FALSE,TRUE,TRUE,TRUE,-1.26,-1.164,25df405b-449f-4f9e-ac31-97e425f1ef0d,8df1f869-307a-4153-9dcf-82f95f5e9947,52.70682144,-111.4559631,,Continue to Monitor,Corrosion Growth Rate,,,TRUE,TRUE,TRUE
PIPELINE,PIPELINES,ACTIVE PIPELINES,L0004,STROME - HARDISTY,L0004 03 ST-YP,STROME,HARDISTY,100.4322,9/28/21 12:15,.85 IRF,FALSE,FALSE,FALSE,,,,8e01c2b0-44de-4ec8-a215-ec83b9f93afb,897502e5-450c-47b4-8c9d-192976c49564,52.70714569,-111.4565125,,Continue to Monitor,Sensitive Area,,,TRUE,TRUE,TRUE
PIPELINE,PIPELINES,ACTIVE PIPELINES,L0004,STROME - HARDISTY,L0004 03 ST-YP,STROME,HARDISTY,100.4322,7/20/19 18:00,.85 IRF,FALSE,TRUE,TRUE,TRUE,-1.315,-1.089,8e01c2b0-44de-4ec8-a215-ec83b9f93afb,1044fbb1-0233-4070-b5f6-fa901319863c,52.70714569,-111.4565125,,Continue to Monitor,Sensitive Area,,,TRUE,TRUE,TRUE
PIPELINE,PIPELINES,ACTIVE PIPELINES,L0004,STROME - HARDISTY,L0004 03 ST-YP,STROME,HARDISTY,100.4322,10/1/20 19:21,.85 IRF,FALSE,TRUE,TRUE,TRUE,-1.349,-1.197,8e01c2b0-44de-4ec8-a215-ec83b9f93afb,5544b703-2a94-46d1-bd53-2c9eaade269f,52.70714569,-111.4565125,,Continue to Monitor,Sensitive Area,,,TRUE,TRUE,TRUE
PIPELINE,PIPELINES,ACTIVE PIPELINES,L0004,STROME - HARDISTY,L0004 03 ST-YP,STROME,HARDISTY,100.4322,5/31/22 13:27,.85 IRF,FALSE,TRUE,TRUE,TRUE,-1.389,-1.293,8e01c2b0-44de-4ec8-a215-ec83b9f93afb,b2179ee4-6e4d-4c63-afd2-700adbbcfbf5,52.70714569,-111.4565125,,Continue to Monitor,Sensitive Area,,,TRUE,TRUE,TRUE
PIPELINE,PIPELINES,ACTIVE PIPELINES,L0004,STROME - HARDISTY,L0004 03 ST-YP,STROME,HARDISTY,100.4324,5/31/22 13:24,.85 IRF,FALSE,FALSE,FALSE,,,,28fd20e1-529c-4f53-b4bb-81d6d07ad32a,859c7f3c-3875-4919-89b8-8bc9bed72087,52.70682144,-111.4559326,,Continue to Monitor,Cased crossing,,,TRUE,TRUE,TRUE
PIPELINE,PIPELINES,ACTIVE PIPELINES,L0004,STROME - HARDISTY,L0004 03 ST-YP,STROME,HARDISTY,100.4324,10/1/20 19:27,.85 IRF,FALSE,FALSE,FALSE,,,,28fd20e1-529c-4f53-b4bb-81d6d07ad32a,35261540-45e6-4f76-be1f-fe300e571c35,52.70682144,-111.4559326,,Continue to Monitor,Cased crossing,,,TRUE,TRUE,TRUE
PIPELINE,PIPELINES,ACTIVE PIPELINES,L0004,STROME - HARDISTY,L0004 03 ST-YP,STROME,HARDISTY,100.4324,7/20/19 18:04,.85 IRF,FALSE,FALSE,FALSE,,,,28fd20e1-529c-4f53-b4bb-81d6d07ad32a,b39a4032-7462-4cf5-baa1-b39e40c314d1,52.70682144,-111.4559326,,Continue to Monitor,Cased crossing,,,TRUE,TRUE,TRUE
PIPELINE,PIPELINES,ACTIVE PIPELINES,L0004,STROME - HARDISTY,L0004 03 ST-YP,STROME,HARDISTY,100.4324,9/28/21 12:15,.85 IRF,FALSE,FALSE,FALSE,,,,28fd20e1-529c-4f53-b4bb-81d6d07ad32a,1d113c9b-2863-4074-a182-75c800ddf4ec,52.70682144,-111.4559326,,Continue to Monitor,Cased crossing,,,TRUE,TRUE,TRUE
PIPELINE,PIPELINES,ACTIVE PIPELINES,L0004,STROME - HARDISTY,L0004 03 ST-YP,STROME,HARDISTY,100.849,5/31/22 13:13,.85 IRF,FALSE,FALSE,FALSE,,,,f202a694-6c6a-4579-ab1c-0e3bd48c9e2e,85dd7e85-3e3d-4547-893c-b0e93f3bfc49,52.70373154,-111.4477005,,Continue to Monitor,Cased crossing,,,TRUE,TRUE,TRUE
PIPELINE,PIPELINES,ACTIVE PIPELINES,L0004,STROME - HARDISTY,L0004 03 ST-YP,STROME,HARDISTY,100.849,10/1/20 20:16,.85 IRF,FALSE,FALSE,FALSE,,,,f202a694-6c6a-4579-ab1c-0e3bd48c9e2e,23d931ab-2378-4b15-beba-1e3c86904286,52.70373154,-111.4477005,,Continue to Monitor,Cased crossing,,,TRUE,TRUE,TRUE
PIPELINE,PIPELINES,ACTIVE PIPELINES,L0004,STROME - HARDISTY,L0004 03 ST-YP,STROME,HARDISTY,100.849,7/21/19 13:50,.85 IRF,FALSE,FALSE,FALSE,,,,f202a694-6c6a-4579-ab1c-0e3bd48c9e2e,222409a1-7b21-42ba-9edd-639253b33d54,52.70373154,-111.4477005,,Continue to Monitor,Cased crossing,,,TRUE,TRUE,TRUE
PIPELINE,PIPELINES,ACTIVE PIPELINES,L0004,STROME - HARDISTY,L0004 03 ST-YP,STROME,HARDISTY,100.849,9/28/21 12:15,.85 IRF,FALSE,FALSE,FALSE,,,,f202a694-6c6a-4579-ab1c-0e3bd48c9e2e,acacbae8-5fb1-4b77-beb5-cacfc0759f37,52.70373154,-111.4477005,,Continue to Monitor,Cased crossing,,,TRUE,TRUE,TRUE
PIPELINE,PIPELINES,ACTIVE PIPELINES,L0004,STROME - HARDISTY,L0004 03 ST-YP,STROME,HARDISTY,100.85,9/28/21 12:15,.85 IRF,FALSE,FALSE,FALSE,,,,df3aa8a6-44b3-4841-b30a-a7536438d403,876095a5-c815-44c6-be7f-8fa141dc94c0,52.70370102,-111.4469147,,Continue to Monitor,Cased crossing,,,TRUE,TRUE,TRUE
PIPELINE,PIPELINES,ACTIVE PIPELINES,L0004,STROME - HARDISTY,L0004 03 ST-YP,STROME,HARDISTY,100.85,5/31/22 13:04,.85 IRF,FALSE,TRUE,TRUE,TRUE,-1.087,-1.02,df3aa8a6-44b3-4841-b30a-a7536438d403,aea525bf-10b0-4556-b933-43add0e68d50,52.70370102,-111.4469147,,Continue to Monitor,Cased crossing,,,TRUE,TRUE,TRUE
PIPELINE,PIPELINES,ACTIVE PIPELINES,L0004,STROME - HARDISTY,L0004 03 ST-YP,STROME,HARDISTY,100.85,7/20/19 18:41,.85 IRF,FALSE,TRUE,TRUE,TRUE,-1.228,-1.072,df3aa8a6-44b3-4841-b30a-a7536438d403,f8d2d982-59f7-4995-8755-4db89c62c71b,52.70370102,-111.4469147,,Continue to Monitor,Cased crossing,,,TRUE,TRUE,TRUE
PIPELINE,PIPELINES,ACTIVE PIPELINES,L0004,STROME - HARDISTY,L0004 03 ST-YP,STROME,HARDISTY,100.85,10/1/20 19:55,.85 IRF,FALSE,TRUE,TRUE,TRUE,-1.224,-1.143,df3aa8a6-44b3-4841-b30a-a7536438d403,265a1a69-459d-458d-9e19-f08aac30f6fc,52.70370102,-111.4469147,,Continue to Monitor,Cased crossing,,,TRUE,TRUE,TRUE
PIPELINE,PIPELINES,ACTIVE PIPELINES,L0004,STROME - HARDISTY,L0004 03 ST-YP,STROME,HARDISTY,100.917,10/1/20 19:56,.85 IRF,FALSE,TRUE,TRUE,TRUE,-1.225,-1.124,a97c4318-fc1d-4457-bf2b-3b913b37539e,8dae9445-6669-466f-a2c4-280d46b3c39e,52.70370102,-111.4467926,,Continue to Monitor,Cased crossing,,,TRUE,TRUE,TRUE
PIPELINE,PIPELINES,ACTIVE PIPELINES,L0004,STROME - HARDISTY,L0004 03 ST-YP,STROME,HARDISTY,100.917,9/28/21 12:15,.85 IRF,FALSE,FALSE,FALSE,,,,a97c4318-fc1d-4457-bf2b-3b913b37539e,9d2e059a-8f27-4ee8-903c-b31d190d0e90,52.70370102,-111.4467926,,Continue to Monitor,Cased crossing,,,TRUE,TRUE,TRUE
PIPELINE,PIPELINES,ACTIVE PIPELINES,L0004,STROME - HARDISTY,L0004 03 ST-YP,STROME,HARDISTY,100.917,7/20/19 19:21,.85 IRF,FALSE,TRUE,TRUE,TRUE,-1.216,-1.038,a97c4318-fc1d-4457-bf2b-3b913b37539e,e906c056-85c8-41ab-8c09-1aff0e722216,52.70370102,-111.4467926,,Continue to Monitor,Cased crossing,,,TRUE,TRUE,TRUE
PIPELINE,PIPELINES,ACTIVE PIPELINES,L0004,STROME - HARDISTY,L0004 03 ST-YP,STROME,HARDISTY,100.917,5/31/22 13:05,.85 IRF,FALSE,FALSE,FALSE,TRUE,-1.239,,a97c4318-fc1d-4457-bf2b-3b913b37539e,18a35da8-570b-4e00-bfa3-e6313004d08d,52.70370102,-111.4467926,,Continue to Monitor,Cased crossing,,,TRUE,TRUE,TRUE
PIPELINE,PIPELINES,ACTIVE PIPELINES,L0004,STROME - HARDISTY,L0004 03 ST-YP,STROME,HARDISTY,100.918,7/20/19 19:32,.85 IRF,FALSE,TRUE,TRUE,TRUE,-1.252,-1.042,17b5477c-dc2c-4bfd-b872-4290e7e77ce5,db69b9dc-ba4c-4949-bb7f-f25cf5e07e65,52.70368195,-111.4463806,,Continue to Monitor,Cased crossing,,,TRUE,TRUE,TRUE
PIPELINE,PIPELINES,ACTIVE PIPELINES,L0004,STROME - HARDISTY,L0004 03 ST-YP,STROME,HARDISTY,100.918,10/1/20 20:18,.85 IRF,FALSE,TRUE,TRUE,TRUE,-1.273,-1.164,17b5477c-dc2c-4bfd-b872-4290e7e77ce5,6ae83485-7de5-4669-afad-776aec8b83c2,52.70368195,-111.4463806,,Continue to Monitor,Cased crossing,,,TRUE,TRUE,TRUE
PIPELINE,PIPELINES,ACTIVE PIPELINES,L0004,STROME - HARDISTY,L0004 03 ST-YP,STROME,HARDISTY,100.918,9/28/21 12:15,.85 IRF,FALSE,FALSE,FALSE,,,,17b5477c-dc2c-4bfd-b872-4290e7e77ce5,04b0a9e4-24ab-464d-8798-13d8fb65225a,52.70368195,-111.4463806,,Continue to Monitor,Cased crossing,,,TRUE,TRUE,TRUE
PIPELINE,PIPELINES,ACTIVE PIPELINES,L0004,STROME - HARDISTY,L0004 03 ST-YP,STROME,HARDISTY,100.918,10/5/20 22:10,.85 IRF,FALSE,TRUE,TRUE,TRUE,-1.273,-1.164,17b5477c-dc2c-4bfd-b872-4290e7e77ce5,ac3acc84-d38a-4c84-9e2c-f4cbcd21ab61,52.70368195,-111.4463806,,Continue to Monitor,Cased crossing,,,TRUE,TRUE,TRUE
PIPELINE,PIPELINES,ACTIVE PIPELINES,L0004,STROME - HARDISTY,L0004 03 ST-YP,STROME,HARDISTY,100.918,5/31/22 13:11,.85 IRF,FALSE,TRUE,TRUE,TRUE,-1.092,-0.961,17b5477c-dc2c-4bfd-b872-4290e7e77ce5,63f14706-b0f9-4ca6-ae2d-512e192b3844,52.70368195,-111.4463806,,Continue to Monitor,Cased crossing,,,TRUE,TRUE,TRUE
PIPELINE,PIPELINES,ACTIVE PIPELINES,L0004,STROME - HARDISTY,L0004 03 ST-YP,STROME,HARDISTY,101.998,7/27/19 13:27,.85 IRF,FALSE,FALSE,FALSE,,,,84658627-43eb-4182-b93f-fce2a73bd7e4,de5aa0d8-b750-4817-bdd2-936757aadc9d,52.6954422,-111.4243546,,Continue to Monitor,Susceptible to AC interference ,TRUE,Test point in AC monitoring range,TRUE,TRUE,TRUE
PIPELINE,PIPELINES,ACTIVE PIPELINES,L0004,STROME - HARDISTY,L0004 03 ST-YP,STROME,HARDISTY,101.998,10/5/20 22:15,.85 IRF,FALSE,TRUE,TRUE,TRUE,-1.375,-1.161,84658627-43eb-4182-b93f-fce2a73bd7e4,9cf6cc1d-4b8e-4e58-9b22-1b574d1c4405,52.6954422,-111.4243546,,Continue to Monitor,Susceptible to AC interference ,TRUE,Test point in AC monitoring range,TRUE,TRUE,TRUE
PIPELINE,PIPELINES,ACTIVE PIPELINES,L0004,STROME - HARDISTY,L0004 03 ST-YP,STROME,HARDISTY,101.998,9/28/21 12:15,.85 IRF,FALSE,FALSE,FALSE,,,,84658627-43eb-4182-b93f-fce2a73bd7e4,c86c7b1d-afd8-4b03-b0dc-1084ea589989,52.6954422,-111.4243546,,Continue to Monitor,Susceptible to AC interference ,TRUE,Test point in AC monitoring range,TRUE,TRUE,TRUE
PIPELINE,PIPELINES,ACTIVE PIPELINES,L0004,STROME - HARDISTY,L0004 03 ST-YP,STROME,HARDISTY,101.998,5/31/22 10:23,.85 IRF,FALSE,FALSE,FALSE,FALSE,-0.425,-0.28,84658627-43eb-4182-b93f-fce2a73bd7e4,2ebca86b-80a8-4f4d-adbc-bab71d5aaec3,52.6954422,-111.4243546,,Continue to Monitor,Susceptible to AC interference ,TRUE,Test point in AC monitoring range,TRUE,TRUE,TRUE
PIPELINE,PIPELINES,ACTIVE PIPELINES,L0004,STROME - HARDISTY,L0004 03 ST-YP,STROME,HARDISTY,101.999,5/31/22 10:24,.85 IRF,FALSE,FALSE,FALSE,,,,f38f2784-b1e2-4219-a1c4-a186091888d1,8a7c192f-aa10-40a6-a2e3-2d867c12f06b,52.69526672,-111.4242172,,Continue to Monitor,Susceptible to AC interference ,TRUE,Test point in AC monitoring range,TRUE,TRUE,TRUE
PIPELINE,PIPELINES,ACTIVE PIPELINES,L0004,STROME - HARDISTY,L0004 03 ST-YP,STROME,HARDISTY,101.999,7/27/19 13:28,.85 IRF,FALSE,FALSE,FALSE,,,,f38f2784-b1e2-4219-a1c4-a186091888d1,3136ce72-47f4-4786-b3ab-863f2ac9b0c1,52.69526672,-111.4242172,,Continue to Monitor,Susceptible to AC interference ,TRUE,Test point in AC monitoring range,TRUE,TRUE,TRUE
PIPELINE,PIPELINES,ACTIVE PIPELINES,L0004,STROME - HARDISTY,L0004 03 ST-YP,STROME,HARDISTY,101.999,9/28/21 12:15,.85 IRF,FALSE,FALSE,FALSE,,,,f38f2784-b1e2-4219-a1c4-a186091888d1,7fb53232-2e3d-4bf0-8b88-8671dbe01008,52.69526672,-111.4242172,,Continue to Monitor,Susceptible to AC interference ,TRUE,Test point in AC monitoring range,TRUE,TRUE,TRUE
PIPELINE,PIPELINES,ACTIVE PIPELINES,L0004,STROME - HARDISTY,L0004 03 ST-YP,STROME,HARDISTY,101.999,10/5/20 22:07,.85 IRF,FALSE,FALSE,FALSE,,,,f38f2784-b1e2-4219-a1c4-a186091888d1,9b51d199-28a2-46b1-b054-2138742d972d,52.69526672,-111.4242172,,Continue to Monitor,Susceptible to AC interference ,TRUE,Test point in AC monitoring range,TRUE,TRUE,TRUE
PIPELINE,PIPELINES,ACTIVE PIPELINES,L0004,STROME - HARDISTY,L0004 03 ST-YP,STROME,HARDISTY,104,10/5/20 22:33,.85 IRF,FALSE,TRUE,TRUE,TRUE,-1.532,-1.243,95085f0a-86cc-48d4-ab06-8496f8234847,096acff4-be52-4403-b0fc-b582ac55546e,52.67945099,-111.3794632,,Continue to Monitor,Insufficient CP data,,,FALSE,TRUE,TRUE
PIPELINE,PIPELINES,ACTIVE PIPELINES,L0004,STROME - HARDISTY,L0004 03 ST-YP,STROME,HARDISTY,104,5/31/22 10:59,.85 IRF,FALSE,TRUE,TRUE,TRUE,-1.554,-1.179,95085f0a-86cc-48d4-ab06-8496f8234847,092be6f0-da4c-4309-902c-7137b1d7827e,52.67945099,-111.3794632,,Continue to Monitor,Insufficient CP data,,,FALSE,TRUE,TRUE
PIPELINE,PIPELINES,ACTIVE PIPELINES,L0004,STROME - HARDISTY,L0004 03 ST-YP,STROME,HARDISTY,104,7/27/19 13:28,.85 IRF,FALSE,FALSE,FALSE,,,,95085f0a-86cc-48d4-ab06-8496f8234847,980f583a-79d7-4d3b-bb3c-16b41ccc08d0,52.67945099,-111.3794632,,Continue to Monitor,Insufficient CP data,,,FALSE,TRUE,TRUE
PIPELINE,PIPELINES,ACTIVE PIPELINES,L0004,STROME - HARDISTY,L0004 03 ST-YP,STROME,HARDISTY,104,9/28/21 12:15,.85 IRF,FALSE,FALSE,FALSE,,,,95085f0a-86cc-48d4-ab06-8496f8234847,bb5325bc-9c83-4dfa-9dc4-b03bd808508b,52.67945099,-111.3794632,,Continue to Monitor,Insufficient CP data,,,FALSE,TRUE,TRUE
PIPELINE,PIPELINES,ACTIVE PIPELINES,L0004,STROME - HARDISTY,L0004 03 ST-YP,STROME,HARDISTY,104.657,5/31/22 12:29,.85 IRF,FALSE,TRUE,TRUE,TRUE,-1.6,-1.263,7c97ba0f-4957-4cf9-a82a-e261f96e1780,2109d48a-d1bb-40f0-9c75-08de95a67a7c,52.67567062,-111.3700104,,Continue to Monitor,Insufficient CP data,,,FALSE,TRUE,TRUE
PIPELINE,PIPELINES,ACTIVE PIPELINES,L0004,STROME - HARDISTY,L0004 03 ST-YP,STROME,HARDISTY,104.657,10/6/20 0:09,.85 IRF,FALSE,TRUE,TRUE,TRUE,-1.499,-1.205,7c97ba0f-4957-4cf9-a82a-e261f96e1780,76f6161d-913d-4f8f-a817-f9e11647f88b,52.67567062,-111.3700104,,Continue to Monitor,Insufficient CP data,,,FALSE,TRUE,TRUE
PIPELINE,PIPELINES,ACTIVE PIPELINES,L0004,STROME - HARDISTY,L0004 03 ST-YP,STROME,HARDISTY,104.657,9/28/21 12:15,.85 IRF,FALSE,FALSE,FALSE,,,,7c97ba0f-4957-4cf9-a82a-e261f96e1780,42307f79-703c-4d11-aaa0-fa8edcd3acd2,52.67567062,-111.3700104,,Continue to Monitor,Insufficient CP data,,,FALSE,TRUE,TRUE
PIPELINE,PIPELINES,ACTIVE PIPELINES,L0004,STROME - HARDISTY,L0004 03 ST-YP,STROME,HARDISTY,104.657,7/30/19 10:26,.85 IRF,FALSE,FALSE,FALSE,,,,7c97ba0f-4957-4cf9-a82a-e261f96e1780,4a22423e-c2f2-4fd4-bf45-f8c99140c445,52.67567062,-111.3700104,,Continue to Monitor,Insufficient CP data,,,FALSE,TRUE,TRUE
PIPELINE,PIPELINES,ACTIVE PIPELINES,L0004,STROME - HARDISTY,L0004 03 ST-YP,STROME,HARDISTY,104.658,9/28/21 12:15,.85 IRF,FALSE,FALSE,FALSE,,,,7299fa2e-f2bc-4bfc-a8cd-0e8095920727,a12ce488-3f95-4977-823b-4d6172b93ad7,52.67523193,-111.368988,,Continue to Monitor,Cased crossing,,,FALSE,TRUE,TRUE
PIPELINE,PIPELINES,ACTIVE PIPELINES,L0004,STROME - HARDISTY,L0004 03 ST-YP,STROME,HARDISTY,104.658,10/5/20 23:48,.85 IRF,FALSE,FALSE,FALSE,FALSE,,-0.598,7299fa2e-f2bc-4bfc-a8cd-0e8095920727,3fa08622-afa4-40d1-863d-bb4a2fcef60a,52.67523193,-111.368988,,Continue to Monitor,Cased crossing,,,FALSE,TRUE,TRUE
PIPELINE,PIPELINES,ACTIVE PIPELINES,L0004,STROME - HARDISTY,L0004 03 ST-YP,STROME,HARDISTY,104.658,7/30/19 10:26,.85 IRF,FALSE,FALSE,FALSE,,,,7299fa2e-f2bc-4bfc-a8cd-0e8095920727,0e417661-0559-4a96-bfbe-cb1019675cb4,52.67523193,-111.368988,,Continue to Monitor,Cased crossing,,,FALSE,TRUE,TRUE
PIPELINE,PIPELINES,ACTIVE PIPELINES,L0004,STROME - HARDISTY,L0004 03 ST-YP,STROME,HARDISTY,104.658,5/31/22 12:16,.85 IRF,FALSE,FALSE,FALSE,FALSE,,-0.605,7299fa2e-f2bc-4bfc-a8cd-0e8095920727,aee585e4-799d-48cb-bcc9-d2555627ac53,52.67523193,-111.368988,,Continue to Monitor,Cased crossing,,,FALSE,TRUE,TRUE
PIPELINE,PIPELINES,ACTIVE PIPELINES,L0004,STROME - HARDISTY,L0004 03 ST-YP,STROME,HARDISTY,106.184,7/30/19 10:26,.85 IRF,FALSE,FALSE,FALSE,,,,1b51e5ab-f000-4ae9-a562-c76bcf3b1e63,990166e3-57cd-45ce-bb24-b739cadff59a,52.66344452,-111.339386,,Continue to Monitor,Insufficient CP data,,,FALSE,TRUE,TRUE
PIPELINE,PIPELINES,ACTIVE PIPELINES,L0004,STROME - HARDISTY,L0004 03 ST-YP,STROME,HARDISTY,106.184,7/27/21 12:01,.85 IRF,FALSE,TRUE,TRUE,TRUE,-1.111,-0.935,1b51e5ab-f000-4ae9-a562-c76bcf3b1e63,83246a74-3bf5-4a8f-9b26-41f933bd3ed6,52.66344452,-111.339386,,Continue to Monitor,Insufficient CP data,,,FALSE,TRUE,TRUE
PIPELINE,PIPELINES,ACTIVE PIPELINES,L0004,STROME - HARDISTY,L0004 03 ST-YP,STROME,HARDISTY,106.184,10/6/20 0:35,.85 IRF,FALSE,TRUE,TRUE,TRUE,-1.135,-0.973,1b51e5ab-f000-4ae9-a562-c76bcf3b1e63,2cd9df31-495b-4a66-9d69-8acbb1350a23,52.66344452,-111.339386,,Continue to Monitor,Insufficient CP data,,,FALSE,TRUE,TRUE
PIPELINE,PIPELINES,ACTIVE PIPELINES,L0004,STROME - HARDISTY,L0004 03 ST-YP,STROME,HARDISTY,106.184,5/24/22 16:30,.85 IRF,FALSE,TRUE,TRUE,TRUE,-1.272,-1.15,1b51e5ab-f000-4ae9-a562-c76bcf3b1e63,97ddd13e-e79b-49e7-b3cb-018d3b6c96fb,52.66344452,-111.339386,,Continue to Monitor,Insufficient CP data,,,FALSE,TRUE,TRUE
PIPELINE,PIPELINES,ACTIVE PIPELINES,L0004,STROME - HARDISTY,L0004 03 ST-YP,STROME,HARDISTY,108.12,8/27/21 15:49,.85 IRF,FALSE,TRUE,TRUE,TRUE,-1.689,-1.167,bc13ff89-1d5b-44be-86ed-1b220dc8cfc3,aef885c5-33c3-4b1d-a063-a5f0d4390f4a,52.6533432,-111.3123016,,Continue to Monitor,Insufficient CP data,,,TRUE,TRUE,TRUE
PIPELINE,PIPELINES,ACTIVE PIPELINES,L0004,STROME - HARDISTY,L0004 03 ST-YP,STROME,HARDISTY,108.12,5/24/22 14:49,.85 IRF,FALSE,TRUE,TRUE,TRUE,-1.699,-1.548,bc13ff89-1d5b-44be-86ed-1b220dc8cfc3,89d6f85a-2010-468e-b00b-4c72245727cb,52.6533432,-111.3123016,,Continue to Monitor,Insufficient CP data,,,TRUE,TRUE,TRUE
PIPELINE,PIPELINES,ACTIVE PIPELINES,L0004,STROME - HARDISTY,L0004 03 ST-YP,STROME,HARDISTY,108.12,10/1/20 23:57,.85 IRF,FALSE,TRUE,TRUE,TRUE,-1.475,-1.091,bc13ff89-1d5b-44be-86ed-1b220dc8cfc3,04ed9326-c6df-42c5-90b1-01172ab32cfd,52.6533432,-111.3123016,,Continue to Monitor,Insufficient CP data,,,TRUE,TRUE,TRUE
PIPELINE,PIPELINES,ACTIVE PIPELINES,L0004,STROME - HARDISTY,L0004 03 ST-YP,STROME,HARDISTY,108.12,7/30/19 10:26,.85 IRF,FALSE,FALSE,FALSE,,,,bc13ff89-1d5b-44be-86ed-1b220dc8cfc3,7be3b6f0-0c3d-4853-a110-5f9c12f63d68,52.6533432,-111.3123016,,Continue to Monitor,Insufficient CP data,,,TRUE,TRUE,TRUE
PIPELINE,PIPELINES,ACTIVE PIPELINES,L0004,STROME - HARDISTY,L0004 03 ST-YP,STROME,HARDISTY,108.121,7/30/19 10:26,.85 IRF,FALSE,FALSE,FALSE,,,,e14dd534-dc8e-4350-933b-7a883ff04d37,51f68d87-7b47-45e8-8545-e26efdccc322,52.65330124,-111.3123322,,,,,,TRUE,TRUE,TRUE
PIPELINE,PIPELINES,ACTIVE PIPELINES,L0004,STROME - HARDISTY,L0004 03 ST-YP,STROME,HARDISTY,108.121,10/1/20 23:56,.85 IRF,FALSE,FALSE,FALSE,,,,e14dd534-dc8e-4350-933b-7a883ff04d37,9fffded2-9576-40d5-92ca-3fde3bb5c839,52.65330124,-111.3123322,Mid Between Rectifiers,Anchor,,,,TRUE,TRUE,TRUE
PIPELINE,PIPELINES,ACTIVE PIPELINES,L0004,STROME - HARDISTY,L0004 03 ST-YP,STROME,HARDISTY,108.121,5/24/22 14:51,.85 IRF,FALSE,TRUE,TRUE,TRUE,-1.621,-1.235,e14dd534-dc8e-4350-933b-7a883ff04d37,cbb66656-813f-44a7-9f2f-184e94bb65a5,52.65330124,-111.3123322,Mid Between Rectifiers,Anchor,,,,TRUE,TRUE,TRUE
PIPELINE,PIPELINES,ACTIVE PIPELINES,L0004,STROME - HARDISTY,L0004 03 ST-YP,STROME,HARDISTY,108.121,8/27/21 15:48,.85 IRF,FALSE,FALSE,FALSE,,,,e14dd534-dc8e-4350-933b-7a883ff04d37,8a13e732-ba3f-4c5a-a667-a3a7ff204255,52.65330124,-111.3123322,Mid Between Rectifiers,Anchor,,,,TRUE,TRUE,TRUE